vehicle_id,kind,start_minutes,end_minutes,origin,destination,request_id,hub_id,service_category,opportunity_visit,energy_start_kwh,planned_added_kwh,planned_end_energy_kwh,planned_empty_miles,planned_passenger_miles,planned_charging_minutes
0,trip,0,24.166666666666664,z00,z30,sample-000,,,False,39.256362833225566,0.0,37.08136283322557,0.35,6.8999999999999995,0
1,trip,0,12.008970644860394,z10,z01,sample-001,,,False,50.51507993864788,0.0,49.43427258061045,0.35,3.2526911934581184,0
1,trip,20,55.0864327061513,z01,z21,sample-003,,,False,49.43427258061045,0.0,46.27649363705683,7.273238618387272,3.2526911934581184,0
0,visit,30,40.0,z30,z30,,depot_south,,True,37.08136283322557,9.444444444444446,46.31580727767001,0.7,0,5.666666666666668
0,trip,40,87.24412872795757,z30,z31,sample-004,,,False,46.315807277670025,0.0,42.063835692153845,7.273238618387272,6.8999999999999995,0
1,trip,60,78.5089706448604,z21,z02,sample-005,,,False,46.27649363705683,0.0,44.6106862790194,2.3,3.2526911934581184,0
0,trip,90,108.5089706448604,z31,z12,sample-006,,,False,42.06383569215385,0.0,40.39802833411642,2.3,3.2526911934581184,0
0,trip,120,147.9854918056921,z12,z22,sample-007,,,False,40.39802833411642,0.0,37.87933407160413,5.142956348249516,3.2526911934581184,0
1,trip,180,204.16666666666666,z02,z32,sample-008,,,False,44.6106862790194,0.0,42.4356862790194,0.35,6.8999999999999995,0
0,trip,240,264.80985449416505,z22,z00,sample-009,,,False,37.87933407160413,0.0,35.646447167129274,2.3,5.142956348249516,0
0,visit,270,280.0,z00,z00,,depot_west,,True,35.646447167129274,9.444444444444446,44.88089161157372,0.7,0,5.666666666666668
1,trip,360,384.80985449416505,z32,z10,sample-010,,,False,42.4356862790194,0.0,40.20279937454455,2.3,5.142956348249516,0
1,trip,600,638.8277957838859,z10,z20,sample-011,,,False,40.20279937454454,0.0,36.70829775399481,6.505382386916237,5.142956348249516,0
