time_minutes,offered_trips,accepted_trips,completed_trips,unserved_no_available,unserved_energy,visits_assigned,capacity_blocked_vehicle_periods,added_kwh,opportunity_added_kwh,empty_miles,mean_soc,pending_services
1440,8,8,2,0,0,2,0,14.628041726019774,0,9.037040279528286,0.5745010185281133,7
1450,16,16,10,0,0,3,0,0.0,0,12.768342107388776,0.570454996608059,8
1460,6,6,11,0,0,6,0,34.99999999999962,0,13.30000000000025,0.5741473824716469,7
1470,6,6,9,0,0,1,0,73.31838225856586,0,7.20269119345828,0.5858844740154292,7
1480,5,5,3,0,0,1,0,50.94884331101563,0,5.36522941961316,0.5936856569007362,4
1490,14,14,9,0,0,0,0,12.166855306322002,0,7.481993509133462,0.5930022269581487,4
1500,8,8,10,0,0,1,0,0.0,0,6.405468264712361,0.5902094490711202,6
1510,6,6,10,0,0,3,0,11.388888888888763,0,7.650000000000205,0.5903502913882619,6
1520,7,7,8,0,0,1,0,16.666666666666668,0,7.050000000000203,0.5916118034338391,7
1530,8,8,7,0,0,2,0,5.394873000755827,0,10.75000000000025,0.5905985441365594,7
1540,10,10,7,0,0,1,0,0.0,0,8.642956348249822,0.5880139982813929,6
1550,1,1,6,0,0,3,0,22.777777777777526,0,3.450000000000136,0.5909331297084883,6
1560,4,4,5,0,0,2,0,44.7222222222221,0,6.250000000000114,0.598146616479339,6
1570,5,5,0,0,0,0,0,29.429016552635403,0,6.507043651750655,0.6021654874899149,5
1580,2,2,6,0,0,0,0,6.2411116400680084,0,4.150000000000113,0.6021214439572062,5
1590,4,4,5,0,0,1,0,0.0,0,2.4859126964991898,0.6012969275636832,3
1600,7,7,5,0,0,0,0,0.0,0,2.4500000000001587,0.599902874433225,3
1610,6,6,5,0,0,0,0,0.0,0,2.100000000000136,0.5985725606809078,5
1620,3,3,3,0,0,2,0,0.0,0,4.750000000000114,0.5972835222812712,4
1630,3,3,5,0,0,0,0,0.0,0,2.550000000000068,0.596344530079955,4
1640,2,2,5,0,0,0,0,0.0,0,2.70538238691629,0.5956583617505871,3
1650,4,4,2,0,0,0,0,0.0,0,1.4000000000000907,0.5950305839728093,3
1660,4,4,2,0,0,0,0,0.0,0,1.4000000000000907,0.5940781975090177,3
1670,1,1,4,0,0,0,0,0.0,0,0.3500000000000227,0.5935617726455894,3
1680,4,4,3,0,0,0,0,0.0,0,1.4000000000000907,0.5929005120237306,3
1690,2,2,3,0,0,0,0,0.0,0,0.7000000000000454,0.5925196574466798,3
1700,3,3,1,0,0,0,0,0.0,0,1.050000000000068,0.5919861746025987,4
1710,4,4,5,0,0,1,0,0.0,0,2.100000000000136,0.5910090299420455,5
1720,3,3,2,0,0,2,0,0.0,0,4.050000000000136,0.5900955323671428,4
1730,4,4,5,0,0,0,0,0.0,0,3.600000000000068,0.5889903681255734,5
1740,7,7,5,0,0,1,0,0.0,0,4.850000000000227,0.5874629816617817,5
1750,7,7,5,0,0,1,0,0.0,0,3.150000000000204,0.5858021228213914,5
1760,6,6,6,0,0,1,0,0.0,0,2.8000000000001815,0.5842067214383213,6
1770,12,12,11,0,0,2,0,0.0,0,7.20000000000034,0.5815163210061038,8
1780,4,4,5,0,0,4,0,0.0,0,7.200000000000273,0.5797029157236919,5
1790,12,12,12,0,0,1,0,0.0,0,8.100000000000271,0.5771903068492213,8
1800,28,28,9,0,0,3,0,0.0,0,16.400000000000702,0.5714359252356243,6
1810,24,24,30,0,0,0,0,0.0,0,11.50000000000059,0.5650652599052927,7
1820,13,13,20,0,0,3,0,11.388888888888763,0,10.892767933567573,0.5629712678132549,6
1830,18,18,18,0,0,1,0,16.666666666666668,0,10.900000000000386,0.5617891642406803,6
1840,16,16,15,0,0,2,0,6.470893386673803,0,11.150000000000432,0.5590516435971663,7
1850,18,18,13,0,0,2,0,16.666666666666668,0,11.707232066433356,0.5574633297602427,6
1860,34,34,28,0,0,1,0,16.666666666666668,0,18.152691193458892,0.5530952672431874,12
1870,37,37,32,0,0,7,0,11.926559234702458,0,50.70000000000095,0.545884998634188,14
1880,34,34,29,0,0,3,0,16.666666666666668,0,52.77413975709227,0.5390103241530331,13
1890,34,34,23,0,0,3,0,5.842201455713318,0,66.7617947024572,0.5297799163887341,13
1900,40,32,35,8,0,5,0,0.0,0,64.26076477383322,0.5190271378653482,13
1910,32,32,30,0,0,4,0,9.761353620835962,0,77.00166126483498,0.5102097594668344,11
1920,43,35,32,8,0,2,0,16.666666666666668,0,63.8805402537577,0.5015388125470872,14
1930,50,29,34,21,0,5,0,9.421615252537853,0,83.69809553141707,0.492031619822448,14
1940,31,31,27,0,0,4,0,0.0,0,85.36013343762286,0.4803396039820206,15
1950,49,29,34,20,0,5,0,6.388888888888762,0,77.39359814441288,0.47068202831087885,18
1960,47,31,28,16,0,8,0,16.666666666666668,0,59.96888616009589,0.4631272779339864,13
1970,47,32,32,0,15,5,0,27.51694913915609,0,65.53095254717232,0.45699015681336275,13
1980,38,32,35,6,0,2,1,16.666666666666668,0,62.75843323196503,0.44857289963631525,13
1990,26,26,31,0,0,6,0,24.750393930737953,0,45.798338735166496,0.4433815717773211,12
2000,38,38,35,0,0,3,0,16.666666666666668,0,73.0359126964997,0.43651605219664646,13
2010,37,36,26,0,1,6,0,18.95118967197277,0,68.14129508341614,0.42846072101224975,11
2020,42,29,35,13,0,1,0,16.666666666666668,0,70.09564754170795,0.42010463019434524,13
2030,30,30,35,0,0,6,0,36.86594664066661,0,65.54667747033227,0.4163242086590281,15
2040,23,23,31,0,0,8,0,56.94444444444382,0,46.751029928624526,0.4173880662213778,12
2050,19,19,29,0,0,3,0,93.87085712220596,0,18.302691193456845,0.42790429006574743,14
2060,30,30,25,0,0,5,0,69.97487180152727,0,23.769218918072703,0.4337790975823792,10
2070,24,24,27,0,0,2,0,26.48657167220487,0,26.53250725405915,0.4313905559115199,13
2080,24,24,22,0,0,6,0,22.777777777778283,0,36.203656214780004,0.4286747916096907,9
2090,29,29,29,0,0,4,0,57.50000000000077,0,28.355382386914805,0.43189964616047755,7
2100,30,30,22,0,0,2,0,89.45722914246898,0,17.849999999998374,0.44059087766544675,9
2110,22,22,35,0,0,3,0,71.7674584672174,0,19.310543236389417,0.4472820149394729,14
2120,24,24,21,0,0,6,0,41.0776945017877,0,22.48945676360777,0.44824897397689994,13
2130,30,30,30,0,0,4,0,52.68600195096118,0,21.54999999999828,0.4510902433326711,12
2140,27,27,27,0,0,4,0,65.02905399246251,0,20.048806351258698,0.4558483982006679,14
2150,27,27,21,0,0,7,0,54.93748617046474,0,39.46659249965707,0.45847268527539586,10
2160,33,33,28,0,0,0,0,39.16719739597511,0,27.820513845578585,0.4567625010832416,14
2170,33,33,36,0,0,6,0,33.58402566888799,0,40.807043651748664,0.45374917791419145,12
2180,29,29,28,0,0,3,0,40.27777777777828,0,25.89564754170633,0.45216780990773126,14
2190,29,29,31,0,0,3,0,55.091852143336844,0,34.942956348247804,0.45447760345889593,11
2200,36,36,34,0,0,5,0,71.25856203775508,0,35.42345883320236,0.4581776892982556,11
2210,34,34,29,0,0,6,0,74.08361515412253,0,41.21949751504354,0.46174691026572695,12
2220,23,23,37,0,0,3,0,69.60198164152114,0,29.94999999999882,0.4661480201795684,14
2230,34,34,28,0,0,3,0,58.5998595479047,0,28.48591269649711,0.4689793488405713,14
2240,30,30,28,0,0,8,0,45.38519632110972,0,33.74999999999796,0.4684229738633188,15
2250,22,22,32,0,0,7,0,103.22730494863968,0,33.56113111460846,0.47996461763082277,21
2260,28,28,25,0,0,7,2,127.97674068508819,0,32.405746755530856,0.49612970298687337,19
2270,28,28,25,0,0,7,0,64.90511517049224,0,50.712125661331086,0.4993283211990802,17
2280,29,29,32,0,0,6,0,44.443127577004205,0,40.247956208992406,0.49926045271619296,13
2290,31,31,28,0,0,3,0,111.38888888888916,0,31.00973484520692,0.5122296120370409,16
2300,26,26,25,0,0,5,1,101.71557360206408,0,36.54802420520642,0.5229791341849003,18
2310,28,28,27,0,0,6,2,48.01976203800981,0,49.17272345327643,0.5227149212134798,15
2320,26,26,29,0,0,4,0,61.55036848624377,0,35.79999999999869,0.5257543797885424,14
2330,24,24,25,0,0,8,0,70.54188308401308,0,29.19734411623404,0.5313631362407497,11
2340,29,29,26,0,0,3,0,103.93270389490077,0,26.886893961162794,0.542593724236841,11
2350,35,35,30,0,0,2,0,84.96616879759966,0,38.99527742757966,0.5493791194767567,12
2360,21,21,37,0,0,3,0,26.398391690095195,0,22.558256815206775,0.5466114399341508,11
2370,37,37,27,0,0,4,0,36.738488637580154,0,22.99999999999805,0.5459856232890217,12
2380,45,45,28,0,0,3,0,38.9256209404266,0,48.49338823072101,0.5426776330287523,14
2390,29,29,32,0,0,5,0,29.15725340630464,0,50.15661176927506,0.5374707737337869,14
2400,35,35,38,0,0,5,0,16.666666666666668,0,61.66747293470411,0.5299770141672725,13
2410,38,38,33,0,0,4,0,6.748151489535606,0,60.30372112208022,0.5202819599531732,13
2420,45,35,33,10,0,5,0,16.666666666666668,0,61.54999999999831,0.5120997445999677,13
2430,38,33,34,5,0,4,0,19.62827785196017,0,69.55352088852364,0.5044706289418613,15
2440,38,32,31,6,0,4,0,28.88888888888914,0,59.35910350899684,0.4985951234134411,15
2450,44,30,36,0,14,5,0,34.34290867190839,0,65.4095715224705,0.4942509305164087,14
2460,51,37,32,13,1,1,0,46.17088137645851,0,62.43442088047008,0.4919212288222489,14
2470,51,32,31,19,0,4,0,30.66127639441599,0,69.01868863723556,0.486445138186794,13
2480,43,32,28,11,0,4,0,8.103525594704783,0,88.02223765229122,0.4766107588991212,13
2490,44,28,33,16,0,4,1,0.0,0,74.12316830884845,0.4654780261126517,13
2500,49,34,31,15,0,3,1,0.0,0,86.99379786218996,0.45396476959537935,15
2510,52,28,24,0,24,3,2,11.388888888889142,0,77.0439862768723,0.44495410036919264,14
2520,39,25,32,14,0,1,3,16.666666666666668,0,47.108073580373265,0.4380339256099354,16
2530,41,29,37,0,12,8,3,44.205226976234826,0,65.92965093392598,0.43573022105647347,20
2540,43,34,25,9,0,7,3,56.38888888888914,0,79.25269119345664,0.43535134185854457,21
2550,40,24,35,16,0,6,3,65.64314455071705,0,63.13466649668652,0.43732759336933946,19
2560,49,38,25,11,0,4,2,26.87150034529168,0,73.03694262512116,0.4313363542517345,16
2570,44,28,33,16,0,3,1,25.191999272270397,0,63.01925298424956,0.4253521973888221,16
2580,31,31,28,0,0,6,1,28.61111111111162,0,65.06722489525907,0.41930193056703785,16
2590,34,27,34,0,7,4,2,47.75244751860707,0,80.99047214314888,0.4181934911954019,16
2600,40,33,24,0,7,6,1,75.18913664651411,0,82.22098706842792,0.421072139663872,16
2610,35,25,29,9,1,6,0,54.1141540029048,0,69.01451066312211,0.41983432089209566,14
2620,31,31,37,0,0,2,0,27.86250284378108,0,66.90131232532134,0.41461517860616737,14
2630,44,38,26,0,6,3,0,34.444444444444954,0,85.14642805648485,0.4100217515902018,12
2640,25,25,31,0,0,3,0,54.81841530223164,0,48.48694262512178,0.4094118068087987,13
2650,32,32,41,0,0,5,0,64.2023621949435,0,53.56780842558124,0.41159655772880493,13
2660,34,34,29,0,0,7,0,73.54967822026235,0,39.29833873516396,0.41517953385745426,16
2670,24,24,35,0,0,9,0,109.20118010284342,0,32.37265662623541,0.42659014422719294,17
2680,39,39,31,0,0,5,0,123.43631329086142,0,57.091309869339476,0.4396164482166373,19
2690,30,30,29,0,0,3,0,88.4221662974907,0,41.43431390992292,0.445951924278942,15
2700,30,30,40,0,0,4,0,61.51755508611511,0,45.54578457425564,0.44794220945551455,17
2710,29,29,23,0,0,6,1,60.313201726822484,0,46.556839857955005,0.45042729751953375,15
2720,22,22,33,0,0,3,0,96.69946128676126,0,19.030009664881028,0.4611305968463964,16
2730,25,25,20,0,0,5,0,104.41075304244049,0,17.549430869073554,0.4733935994552282,9
2740,32,32,34,0,0,0,0,78.79814963491224,0,20.099350426031794,0.48023570014447226,11
2750,19,19,26,0,0,6,0,57.343105686826064,0,15.978890550336606,0.4848060691042034,9
2760,31,31,23,0,0,6,0,58.26159394956525,0,30.734672112705184,0.48804181750055403,10
2770,23,23,28,0,0,3,0,62.190208604492156,0,21.687086910920424,0.4924255258185287,11
2780,13,13,19,0,0,6,0,64.44444444444571,0,15.542956348248389,0.49978658099634954,9
2790,27,27,21,0,0,2,0,87.59171301321355,0,23.249999999998643,0.5095887913598987,11
2800,14,14,20,0,0,2,0,64.82367882568649,0,21.046128898699134,0.5163620036054626,11
2810,24,24,23,0,0,3,0,25.019690466378204,0,27.003871101298913,0.5151284680383728,11
2820,15,15,16,0,0,7,0,63.055555555556566,0,14.952691193456891,0.5222638834709413,8
2830,14,14,16,0,0,2,0,103.83195830916901,0,11.003698962843462,0.5376048426433835,9
2840,11,11,16,0,0,3,0,91.56148362363865,0,17.767157868959654,0.5510829334117427,10
2850,14,14,10,0,0,4,0,50.38109421676837,0,24.8877818770301,0.5563926517616605,6
2860,17,17,11,0,0,3,0,65.67489020303053,0,9.687227960784819,0.5641868084996782,5
2870,15,15,20,0,0,1,0,55.26710783655821,0,6.799780872085146,0.5704568552286015,7
2880,8,8,13,0,0,3,0,16.793552511596772,0,13.879949247484953,0.5703857724414152,10
2890,11,11,9,0,0,4,0,23.61111111111162,0,10.225433139430013,0.5718574310574709,10
2900,16,16,13,0,0,2,0,33.333333333333336,0,14.949999999999225,0.5740181887339378,10
2910,6,6,10,0,0,2,0,22.438262310965154,0,9.12175617396292,0.575541601045084,9
2920,10,10,11,0,0,3,0,28.05555555555581,0,10.93362621295191,0.5779425825678788,5
2930,3,3,8,0,0,3,0,33.87125025611492,0,4.749999999999636,0.5827731030492004,6
2940,5,5,2,0,0,2,0,22.1486192138597,0,5.699999999999589,0.5856412163558342,4
2950,6,6,5,0,0,0,0,5.146743939008047,0,2.54999999999959,0.5850640956254539,3
2960,4,4,6,0,0,0,0,0.0,0,1.3999999999998178,0.5838280768068335,5
2970,8,8,6,0,0,2,0,0.0,0,4.199999999999453,0.5821544140395088,4
2980,3,3,6,0,0,2,0,11.388888888889142,0,2.099999999999727,0.5831056178105949,3
2990,6,6,5,0,0,0,0,16.666666666666668,0,2.0999999999997265,0.5849989303519121,5
3000,4,4,4,0,0,2,0,5.151468509508656,0,3.14999999999959,0.5848363316276453,4
3010,5,5,2,0,0,1,0,0.0,0,2.4499999999996813,0.58343603260615,3
3020,9,9,6,0,0,0,0,0.0,0,3.1499999999995896,0.5811776525220421,4
3030,5,5,12,0,0,1,0,0.0,0,4.049999999999727,0.5793196994827584,4
3040,4,4,5,0,0,0,0,0.0,0,3.599999999999863,0.5784125538713527,6
3050,3,3,3,0,0,2,0,0.0,0,4.849999999999682,0.5775790710272717,4
3060,2,2,2,0,0,1,0,11.388888888889142,0,4.049999999999863,0.5789966996617859,4
3070,3,3,1,0,0,0,0,16.666666666666668,0,1.5553823869161079,0.5813548931048516,4
3080,3,3,4,0,0,0,0,5.087841345171758,0,1.3999999999998178,0.5814071478265448,4
3090,5,5,6,0,0,1,0,11.388888888889142,0,2.4946176130834825,0.5824496841685682,5
3100,5,5,4,0,0,1,0,16.666666666666668,0,5.449999999999681,0.584364123502671,4
3110,3,3,5,0,0,1,0,7.142340071759463,0,6.699999999999772,0.5846314653191982,4
3120,5,5,4,0,0,0,0,16.666666666666668,0,1.8607647738322608,0.5869032486296574,3
3130,6,6,4,0,0,0,0,16.666666666666668,0,2.0999999999997265,0.5887515621218271,4
3140,3,3,5,0,0,1,0,0.5161227279131708,0,6.3499999999998185,0.5875395896994131,6
3150,4,4,2,0,0,2,0,0.0,0,6.599999999999726,0.5863673674771909,5
3160,8,8,8,0,0,0,0,0.0,0,6.4053823869159245,0.5844843787070692,4
3170,5,5,4,0,0,0,0,0.0,0,1.7499999999997722,0.5831933451576271,6
3180,3,3,3,0,0,2,0,0.0,0,2.4499999999996813,0.5820502379458579,4
3190,7,7,6,0,0,0,0,0.0,0,4.749999999999636,0.5802729437745571,6
3200,9,9,10,0,0,2,0,0.0,0,9.14999999999959,0.578106461692872,6
3210,8,8,3,0,0,2,0,0.0,0,8.09999999999959,0.5758650368294438,5
3220,6,6,9,0,0,0,0,0.0,0,3.699999999999772,0.5736771256209912,7
3230,11,11,10,0,0,2,0,0.0,0,7.549999999999407,0.5712645167465207,6
3240,25,25,14,0,0,0,0,0.0,0,15.142956348248344,0.5659240240218124,7
3250,19,19,19,0,0,1,0,0.0,0,13.549999999999134,0.5604692289502062,8
3260,14,14,21,0,0,2,0,0.0,0,14.349999999999362,0.5561136974489481,7
3270,19,19,19,0,0,1,0,0.0,0,13.707043651749562,0.5516202339974269,7
3280,18,18,13,0,0,1,0,0.0,0,15.399999999999089,0.5470317819642404,10
3290,17,17,23,0,0,4,0,0.0,0,13.609151314885272,0.5423597657254146,9
3300,35,35,20,0,0,3,0,0.0,0,22.049999999998235,0.5350224420924703,8
3310,29,29,29,0,0,1,0,0.0,0,15.099999999998547,0.5275933828980619,9
3320,45,45,33,0,0,3,0,0.0,0,49.07676138161047,0.5172535583648122,11
3330,31,31,29,0,0,6,0,0.0,0,52.23591269649758,0.5070910631812473,6
3340,36,36,35,0,0,2,0,0.0,0,79.24212477848089,0.4966295132597675,8
3350,36,36,25,0,0,4,0,0.0,0,82.75479885659249,0.48500050081613355,8
3360,45,30,33,15,0,2,0,0.0,0,62.33860388995631,0.4731692107412006,9
3370,48,32,41,16,0,3,0,0.0,0,80.43694262512193,0.4620258763064802,12
3380,41,37,25,0,4,6,0,24.166666666667425,0,73.6645337018008,0.45446875058988284,11
3390,50,26,38,24,0,3,0,50.0,0,43.238603889955534,0.453008052283616,10
3400,39,39,40,0,0,4,0,45.15336374136041,0,56.85807358037259,0.4503124167879236,10
3410,45,40,30,0,5,5,0,17.222222222222477,0,83.80538238691469,0.442029135231831,11
3420,29,29,32,0,0,4,0,43.824476280227984,0,82.26556363042539,0.4389468650275128,16
3430,41,27,26,14,0,7,0,65.27777777777828,0,62.3626840222847,0.4397384750090858,18
3440,35,24,37,3,8,4,1,69.24453840498472,0,60.07573691542365,0.4426906594496515,17
3450,37,37,24,0,0,6,0,58.57986553298134,0,84.38463833934313,0.44308634091727367,17
3460,30,25,32,5,0,3,0,74.99494400455205,0,74.82210748140933,0.4465217707773019,19
3470,34,29,23,0,5,5,2,104.7622362181278,0,59.253135036323684,0.4555346429952491,21
3480,24,22,33,0,2,2,3,99.22052612204124,0,43.65973740064206,0.4646236620951512,22
3490,30,30,30,0,0,8,2,85.47908305203691,0,60.27043750256067,0.4703816631839411,20
3500,18,18,30,0,0,6,2,28.02527892682671,0,40.51083218008658,0.4671437901653776,17
3510,28,28,26,0,0,4,1,76.96789247055904,0,26.954955678414542,0.47412323299564446,12
3520,23,23,27,0,0,3,0,110.5422719454335,0,22.506452606594767,0.48801848294379946,12
3530,26,26,26,0,0,2,0,80.2548026622738,0,28.948513875485155,0.49557948084417763,14
3540,28,28,23,0,0,5,0,13.440113275724647,0,31.865990006119553,0.4903760059622709,15
3550,27,27,29,0,0,5,0,8.888888888889142,0,35.09117864894325,0.4839153017244839,15
3560,31,31,31,0,0,3,0,23.05555555555581,0,32.251029928622174,0.47986581666093925,13
3570,28,28,24,0,0,3,0,27.767178994470974,0,29.970746135200685,0.477052735618369,11
3580,30,30,29,0,0,2,0,25.94089231018794,0,34.34809221900333,0.4735195032663771,12
3590,25,25,36,0,0,3,0,16.666666666666668,0,19.46516503801149,0.4691871896523113,13
3600,31,31,26,0,0,4,1,14.501020914875275,0,34.30538238691457,0.4643374688518527,13
3610,28,28,19,0,0,3,0,33.333333333333336,0,32.34129508341398,0.46246458315355454,14
3620,36,36,32,0,0,3,0,27.56911759330933,0,53.7375261554436,0.45754195431723516,13
3630,30,30,34,0,0,2,0,1.8482766861848177,0,48.15102992862245,0.44831326342581307,15
3640,28,28,29,0,0,5,0,6.3888888888891415,0,30.15562855165909,0.4402874450959282,16
3650,30,30,34,0,0,9,0,17.222222222222477,0,48.349999999998325,0.43399774363544946,20
3660,26,26,30,0,0,11,0,51.017401307603144,0,34.413455967288705,0.43528083057428635,12
3670,28,28,24,0,0,4,0,93.33333333333334,0,21.53591269649742,0.44481080116628763,11
3680,33,33,35,0,0,5,0,141.03863849189716,0,35.51589154498453,0.46226892562739974,14
3690,33,33,27,0,0,5,0,105.58290842477544,0,40.21573949679929,0.47237359907516674,14
3700,29,29,32,0,0,3,1,49.86427106150738,0,41.80010834507908,0.4726271472455122,11
3710,27,27,33,0,0,4,1,52.28775061997946,0,19.45417330962928,0.4745448251616522,11
3720,29,29,29,0,0,7,0,73.61375259688734,0,26.37980680269652,0.48083747281326816,13
3730,23,23,23,0,0,7,0,107.39877415814817,0,21.593431815687428,0.4940627704897222,9
3740,29,29,29,0,0,3,0,113.56981595120791,0,20.703646199705197,0.507674232723175,11
3750,25,25,25,0,0,7,0,110.24222830942487,0,31.92928080466687,0.5207017326397302,11
3760,33,33,29,0,0,3,0,90.47017438882223,0,35.050246692776014,0.5289655869609685,15
3770,19,19,28,0,0,5,1,59.29719531279186,0,23.938726203979556,0.5332906946454969,15
3780,27,27,21,0,0,6,0,34.444444444444954,0,22.91313341970822,0.5328687393991592,14
3790,36,36,23,0,0,4,0,50.45444207943926,0,38.7208916191573,0.5331090800762954,14
3800,33,33,41,0,0,2,0,33.90425607012124,0,33.73987315467162,0.5297795859847705,12
3810,34,34,29,0,0,3,0,5.8715870442006235,0,33.84999999999814,0.5218970342165227,10
3820,35,35,36,0,0,3,0,0.0,0,29.749999999998053,0.5124135044285132,8
3830,28,28,34,0,0,6,0,29.166666666667425,0,24.299999999998505,0.5090609189493619,12
3840,38,38,27,0,0,4,0,61.929493369677104,0,43.36345596728874,0.5114553486946708,11
3850,38,38,35,0,0,3,0,45.519603292270865,0,54.449999999998084,0.5091092703404693,8
3860,41,41,30,0,0,1,0,6.618017986991163,0,80.60274303921365,0.4979613371443497,10
3870,42,28,37,14,0,3,0,0.0,0,75.67383340448767,0.4870545600775862,16
3880,44,32,35,12,0,7,2,12.777777777778283,0,58.51204086719943,0.47838866820800124,19
3890,42,32,30,10,0,6,3,33.333333333333336,0,64.29295634824811,0.4737787144599664,25
3900,53,24,31,29,0,7,4,36.335818338020545,0,65.65641231553904,0.47039967248450887,24
3910,49,32,23,17,0,6,3,16.666666666666668,0,94.1242685470101,0.46236334993245,21
3920,41,26,28,15,0,0,3,11.630948874768213,0,75.6780065560936,0.4540017124418972,20
3930,47,28,27,0,19,5,3,51.11111111111162,0,73.94288978065819,0.4532943042593608,17
3940,49,30,27,19,0,3,3,66.66666666666667,0,68.9718253929969,0.45489422233639754,16
3950,39,28,34,11,0,4,2,40.064798905011685,0,84.06262267143178,0.45185771720015727,17
3960,47,34,24,13,0,6,2,6.3888888888891415,0,68.55558319210041,0.4414074781389739,16
3970,41,24,37,0,17,7,1,34.444444444444954,0,55.158916248776116,0.4375138799843496,15
3980,49,37,29,0,12,5,1,58.78893964025186,0,72.3884136005728,0.437545334803019,13
3990,39,31,25,8,0,3,1,57.38749372752788,0,88.9369426251217,0.43688812610294175,13
4000,47,26,31,21,0,3,2,29.936265901282393,0,64.1155636304254,0.4314187006835728,15
4010,35,30,33,5,0,3,2,14.703558629717008,0,69.96866509345709,0.4238081106030888,16
4020,37,31,31,0,6,2,3,23.05555555555581,0,67.55288955231335,0.41700099612850744,18
4030,40,28,29,0,12,5,3,29.630282472489096,0,63.53607413837179,0.41211903365014174,17
4040,35,30,32,0,5,5,2,75.55555555555657,0,72.59091825404957,0.4157756906127528,17
4050,35,31,23,0,4,6,0,84.75275533141713,0,85.0021076631347,0.41984740837219725,15
4060,25,25,33,0,0,0,0,70.8968823120669,0,81.42778958450876,0.42281920766200537,15
4070,43,34,24,9,0,3,0,33.333333333333336,0,70.23875616865108,0.41810722900997277,8
4080,35,31,34,0,4,2,0,40.834982127451745,0,63.2847843437892,0.41465448976620406,11
4090,33,31,37,2,0,3,0,26.872971204926067,0,58.5131619660543,0.4083796332504466,13
4100,32,32,32,0,0,6,0,50.7230727324486,0,59.80435971215046,0.40718894820331375,17
4110,24,24,33,0,0,7,0,109.81759019438717,0,37.5795112353443,0.4187509289454087,18
4120,34,34,33,0,0,7,0,143.32112896508536,0,50.76716623499341,0.4355102165020919,20
4130,34,34,30,0,0,5,0,142.3177020402818,0,45.51997677692124,0.45166741605470356,21
4140,29,29,28,0,0,6,0,93.1691120785566,0,57.935568363042776,0.4584958566201422,18
4150,24,24,36,0,0,5,0,50.24518373856457,0,45.761501376347944,0.45922917969645555,15
4160,31,31,28,0,0,8,0,66.11111111110858,0,37.50116050169844,0.4625477741660878,15
4170,18,18,25,0,0,9,0,114.03180511786258,0,20.602691193460764,0.4770871597770208,15
4180,31,31,31,0,0,5,0,111.81234314061386,0,37.16643015036896,0.48973813182939846,19
4190,20,20,26,0,0,7,0,39.92834403480932,0,28.07689287693892,0.49052925300163847,12
4200,29,29,22,0,0,4,0,47.76282670300892,0,22.462059359618795,0.49279405489506894,10
4210,28,28,22,0,0,4,0,95.04080788699413,0,26.5000000000029,0.502714558942913,8
4220,18,18,28,0,0,3,0,106.18953281951387,0,14.486555948194018,0.5162071878604131,7
4230,24,24,22,0,0,2,0,68.18856672439325,0,19.74867326158419,0.5223332513612069,6
4240,16,16,23,0,0,2,0,38.28005272134912,0,14.867461983686644,0.5245276916516767,6
4250,20,20,19,0,0,3,0,29.25334401292124,0,18.158073580376552,0.5249631088460619,5
4260,15,15,16,0,0,4,0,84.09465133932221,0,9.565653952381492,0.5364108986623644,6
4270,13,13,17,0,0,1,0,75.78037673711607,0,11.462223380778504,0.5467915130988011,7
4280,14,14,10,0,0,2,0,40.08653893232652,0,16.57803508682027,0.550621365823175,7
4290,14,14,16,0,0,0,0,16.666666666666668,0,11.10216116040001,0.5495533761906884,7
4300,15,15,13,0,0,4,0,19.385190581519964,0,12.355382386918427,0.5492138474448127,6
4310,19,19,20,0,0,4,0,44.72222222222172,0,9.100000000002366,0.553067901587952,5
