time_minutes,vehicle_id,anchor_zone,energy_kwh,soc,activity,remaining_minutes,pending_service
1450,0,z32,41.5775779258875,0.6929596320981251,idle,0,
1450,1,z31,41.41922619105038,0.6903204365175063,trip,6.5,
1450,2,z21,42.56919264196251,0.7094865440327085,idle,0,
1460,0,z32,40.677577925887505,0.677959632098125,trip,6.5,
1460,1,z11,40.83422619105038,0.6805704365175063,idle,0,
1460,2,z31,41.7741926419625,0.6962365440327083,idle,0,
1470,0,z30,40.092577925887504,0.6682096320981251,idle,0,
1470,1,z11,39.93422619105038,0.6655704365175062,trip,8.309854494165165,
1470,2,z31,40.8741926419625,0.6812365440327084,trip,2.008970644860483,
1480,0,z30,39.192577925887505,0.6532096320981251,trip,14.166666666666742,
1480,1,z30,39.18633928657551,0.6531056547762585,idle,0,
1480,2,z20,40.69338528392506,0.6782230880654176,idle,0,
1490,0,z30,38.29257792588751,0.6382096320981251,trip,4.1666666666667425,
1490,1,z30,39.18633928657551,0.6531056547762585,idle,0,
1490,2,z20,40.69338528392506,0.6782230880654176,idle,0,
1500,0,z00,37.9175779258875,0.631959632098125,idle,0,local
1500,1,z30,38.28633928657551,0.6381056547762586,trip,12.851274623054223,
1500,2,z20,40.69338528392506,0.6782230880654176,idle,0,
1510,0,z00,37.227577925887495,0.6204596320981249,visit,10.333333333333258,local
1510,1,z30,37.38633928657551,0.6231056547762586,trip,2.8512746230542234,
1510,2,z20,40.69338528392506,0.6782230880654176,idle,0,
1520,0,z00,36.5675779258875,0.6094596320981249,visit,0.33333333333325754,local
1520,1,z12,37.129724570500635,0.6188287428416772,idle,0,
1520,2,z20,39.79338528392506,0.6632230880654177,trip,2.008970644860483,
1530,0,z00,36.53757792588748,0.6089596320981248,idle,0,
1530,1,z12,37.129724570500635,0.6188287428416772,idle,0,
1530,2,z31,39.61257792588762,0.660209632098127,idle,0,
1540,0,z00,35.637577925887484,0.5939596320981247,trip,14.166666666666742,
1540,1,z12,36.229724570500636,0.6038287428416773,trip,8.309854494165165,
1540,2,z21,38.81757792588761,0.6469596320981269,idle,0,local
1550,0,z00,34.737577925887486,0.5789596320981247,trip,4.1666666666667425,
1550,1,z20,35.48183766602577,0.5913639611004294,idle,0,local
1550,2,z21,38.607577925887604,0.6434596320981267,idle,0,
1560,0,z30,34.36257792588748,0.5727096320981246,idle,0,
1560,1,z20,34.791837666025764,0.5798639611004294,visit,10.333333333333258,local
1560,2,z21,38.607577925887604,0.6434596320981267,idle,0,
1570,0,z30,34.36257792588748,0.5727096320981246,idle,0,
1570,1,z20,34.13183766602577,0.5688639611004295,visit,0.33333333333325754,local
1570,2,z31,37.812577925887595,0.6302096320981266,idle,0,
1580,0,z30,34.36257792588748,0.5727096320981246,idle,0,
1580,1,z20,34.10183766602575,0.5683639611004292,idle,0,
1580,2,z31,36.9125779258876,0.6152096320981266,trip,8.309854494165165,
1590,0,z30,34.36257792588748,0.5727096320981246,idle,0,
1590,1,z20,34.10183766602575,0.5683639611004292,idle,0,
1590,2,z10,36.16469102141273,0.6027448503568789,idle,0,
1600,0,z30,34.36257792588748,0.5727096320981246,idle,0,
1600,1,z20,33.20183766602575,0.5533639611004292,trip,8.309854494165165,
1600,2,z10,36.16469102141273,0.6027448503568789,idle,0,
1610,0,z30,33.46257792588748,0.5577096320981246,trip,8.309854494165165,
1610,1,z32,32.453950761550885,0.5408991793591814,idle,0,
1610,2,z10,36.16469102141273,0.6027448503568789,idle,0,
1620,0,z22,32.71469102141261,0.5452448503568769,idle,0,
1620,1,z32,31.553950761550887,0.5258991793591814,trip,15.410795394624301,
1620,2,z10,36.16469102141273,0.6027448503568789,idle,0,
1630,0,z22,32.71469102141261,0.5452448503568769,idle,0,
1630,1,z32,30.653950761550888,0.5108991793591815,trip,5.4107953946243015,
1630,2,z10,36.16469102141273,0.6027448503568789,idle,0,
1640,0,z22,32.71469102141261,0.5452448503568769,idle,0,
1640,1,z01,30.1669791760347,0.502782986267245,idle,0,
1640,2,z10,36.16469102141273,0.6027448503568789,idle,0,
1650,0,z22,32.71469102141261,0.5452448503568769,idle,0,
1650,1,z01,30.1669791760347,0.502782986267245,idle,0,
1650,2,z10,36.16469102141273,0.6027448503568789,idle,0,
1660,0,z32,31.9196910214126,0.5319948503568767,idle,0,
1660,1,z01,30.1669791760347,0.502782986267245,idle,0,
1660,2,z10,36.16469102141273,0.6027448503568789,idle,0,
1670,0,z32,31.019691021412598,0.5169948503568766,trip,8.309854494165165,
1670,1,z01,30.1669791760347,0.502782986267245,idle,0,
1670,2,z10,36.16469102141273,0.6027448503568789,idle,0,
1680,0,z11,30.271804116937734,0.5045300686156289,idle,0,
1680,1,z01,30.1669791760347,0.502782986267245,idle,0,
1680,2,z10,36.16469102141273,0.6027448503568789,idle,0,
1690,0,z11,30.271804116937734,0.5045300686156289,idle,0,
1690,1,z01,30.1669791760347,0.502782986267245,idle,0,
1690,2,z10,36.16469102141273,0.6027448503568789,idle,0,
1700,0,z11,30.271804116937734,0.5045300686156289,idle,0,
1700,1,z01,30.1669791760347,0.502782986267245,idle,0,
1700,2,z10,36.16469102141273,0.6027448503568789,idle,0,
1710,0,z11,29.37180411693773,0.48953006861562887,trip,8.309854494165165,
1710,1,z01,30.1669791760347,0.502782986267245,idle,0,
1710,2,z10,36.16469102141273,0.6027448503568789,idle,0,
1720,0,z32,28.623917212462867,0.4770652868743811,idle,0,
1720,1,z01,30.1669791760347,0.502782986267245,idle,0,
1720,2,z10,36.16469102141273,0.6027448503568789,idle,0,
1730,0,z32,27.723917212462865,0.4620652868743811,trip,6.5,
1730,1,z01,30.1669791760347,0.502782986267245,idle,0,
1730,2,z10,36.16469102141273,0.6027448503568789,idle,0,
1740,0,z30,27.138917212462864,0.45231528687438105,idle,0,
1740,1,z01,30.1669791760347,0.502782986267245,idle,0,
1740,2,z10,35.26469102141273,0.5877448503568788,trip,8.309854494165165,
1750,0,z30,27.138917212462864,0.45231528687438105,idle,0,
1750,1,z01,30.1669791760347,0.502782986267245,idle,0,
1750,2,z31,34.51680411693786,0.5752800686156311,idle,0,
1760,0,z30,27.138917212462864,0.45231528687438105,idle,0,
1760,1,z01,29.2669791760347,0.487782986267245,trip,8.309854494165165,
1760,2,z32,33.721804116937854,0.5620300686156309,idle,0,
1770,0,z30,27.138917212462864,0.45231528687438105,idle,0,
1770,1,z22,28.519092271559835,0.47531820452599727,idle,0,
1770,2,z32,33.721804116937854,0.5620300686156309,idle,0,
1780,0,z30,27.138917212462864,0.45231528687438105,idle,0,
1780,1,z32,27.72409227155982,0.462068204525997,idle,0,
1780,2,z32,32.821804116937855,0.547030068615631,trip,12.851274623054223,
1790,0,z30,27.138917212462864,0.45231528687438105,idle,0,
1790,1,z32,27.72409227155982,0.462068204525997,idle,0,
1790,2,z32,31.921804116937857,0.532030068615631,trip,2.8512746230542234,
1800,0,z30,27.138917212462864,0.45231528687438105,idle,0,
1800,1,z32,26.824092271559817,0.44706820452599694,trip,8.309854494165165,
1800,2,z10,31.665189400862978,0.5277531566810496,idle,0,
1810,0,z30,26.238917212462862,0.43731528687438104,trip,2.008970644860483,
1810,1,z11,26.076205367084953,0.4346034227847492,idle,0,
1810,2,z10,30.765189400862976,0.5127531566810496,trip,2.008970644860483,
1820,0,z21,26.058109854425417,0.4343018309070903,idle,0,
1820,1,z10,25.281205367084937,0.42135342278474897,idle,0,
1820,2,z01,30.58438204282553,0.5097397007137588,idle,0,
1830,0,z21,26.058109854425417,0.4343018309070903,idle,0,
1830,1,z20,24.48620536708492,0.4081034227847487,idle,0,
1830,2,z01,29.68438204282553,0.49473970071375883,trip,2.008970644860483,
1840,0,z21,25.158109854425415,0.4193018309070903,trip,2.008970644860483,
1840,1,z20,24.48620536708492,0.4081034227847487,idle,0,
1840,2,z10,29.503574684788084,0.4917262447464681,idle,0,
1850,0,z32,24.97730249638797,0.41628837493979953,idle,0,local
1850,1,z20,23.58620536708492,0.39310342278474864,trip,12.851274623054223,
1850,2,z10,29.503574684788084,0.4917262447464681,idle,0,
1860,0,z32,24.767302496387956,0.41278837493979925,idle,0,
1860,1,z20,22.68620536708492,0.3781034227847487,trip,2.8512746230542234,
1860,2,z10,28.603574684788082,0.476726244746468,trip,6.5,
1870,0,z32,23.867302496387953,0.39778837493979924,trip,2.008970644860483,
1870,1,z02,22.42959065101004,0.3738265108501674,idle,0,local
1870,2,z12,28.01857468478808,0.46697624474646804,idle,0,central
1880,0,z21,23.68649513835051,0.3947749189725085,idle,0,
1880,1,z02,21.529590651010043,0.35882651085016737,visit,16.68460795638748,local
1880,2,z12,27.118574684788083,0.451976244746468,visit,60.36921591277496,central
1890,0,z21,22.786495138350507,0.3797749189725084,trip,13.0,
1890,1,z02,21.079590651010044,0.3513265108501674,visit,6.684607956387481,local
1890,2,z12,26.218574684788084,0.43697624474646807,visit,50.36921591277496,central
1900,0,z21,21.886495138350508,0.36477491897250847,trip,3.0,
1900,1,z02,20.47797593493517,0.34129959891558614,idle,0,
1900,2,z12,26.06695996871321,0.43444933281188686,visit,40.36921591277496,central
1910,0,z22,21.61649513835051,0.36027491897250846,idle,0,
1910,1,z02,19.577975934935168,0.32629959891558613,trip,14.166666666666742,
1910,2,z12,26.06695996871321,0.43444933281188686,visit,30.369215912774962,central
1920,0,z32,20.821495138350492,0.3470249189725082,idle,0,
1920,1,z02,18.67797593493517,0.3112995989155862,trip,4.1666666666667425,
1920,2,z12,25.948574684788085,0.43247624474646806,visit,20.369215912774962,central
1930,0,z22,20.026495138350477,0.33377491897250794,idle,0,
1930,1,z32,18.302975934935162,0.30504959891558603,idle,0,
1930,2,z12,25.048574684788086,0.4174762447464681,visit,10.369215912774962,central
1940,0,z22,19.126495138350478,0.318774918972508,trip,22.47652116083168,
1940,1,z32,17.40297593493516,0.290049598915586,trip,6.5,
1940,2,z12,24.148574684788088,0.40247624474646815,visit,0.3692159127749619,central
1950,0,z22,18.22649513835048,0.30377491897250797,trip,12.47652116083168,
1950,1,z30,16.81797593493516,0.280299598915586,idle,0,
1950,2,z12,24.115345252638342,0.4019224208773057,idle,0,
1960,0,z22,17.32649513835048,0.288774918972508,trip,2.4765211608316804,
1960,1,z30,15.917975934935159,0.26529959891558597,trip,14.166666666666742,
1960,2,z12,23.21534525263834,0.38692242087730566,trip,6.5,
1970,0,z12,17.10360823387563,0.2850601372312605,idle,0,
1970,1,z30,15.017975934935158,0.25029959891558595,trip,4.1666666666667425,
1970,2,z32,22.63034525263834,0.3771724208773056,idle,0,
1980,0,z12,16.203608233875627,0.27006013723126043,trip,20.666666666666742,
1980,1,z00,14.642975934935151,0.24404959891558586,idle,0,
1980,2,z31,21.835345252638323,0.36392242087730536,idle,0,
1990,0,z12,15.303608233875627,0.2550601372312605,trip,10.666666666666742,
1990,1,z00,13.742975934935151,0.22904959891558585,trip,12.851274623054223,
1990,2,z31,20.93534525263832,0.34892242087730535,trip,6.5,
2000,0,z12,14.403608233875627,0.24006013723126043,trip,0.6666666666667425,
2000,1,z00,12.84297593493515,0.21404959891558584,trip,2.8512746230542234,
2000,2,z11,20.35034525263832,0.3391724208773053,idle,0,
2010,0,z32,14.343608233875619,0.23906013723126032,idle,0,
2010,1,z22,12.58636121886027,0.2097726869810045,idle,0,
2010,2,z21,19.555345252638304,0.32592242087730505,idle,0,
2020,0,z32,13.443608233875619,0.2240601372312603,trip,2.008970644860483,
2020,1,z22,11.68636121886027,0.1947726869810045,trip,2.008970644860483,
2020,2,z21,18.655345252638302,0.31092242087730504,trip,8.309854494165165,
2030,0,z21,13.262800875838176,0.2210466812639696,idle,0,
2030,1,z31,11.505553860822827,0.19175923101371378,idle,0,
2030,2,z00,17.907458348163438,0.2984576391360573,idle,0,
2040,0,z31,12.467800875838162,0.20779668126396936,idle,0,local
2040,1,z31,10.605553860822827,0.17675923101371377,trip,2.008970644860483,
2040,2,z00,17.007458348163436,0.28345763913605726,trip,20.666666666666515,
2050,0,z31,18.751689764726915,0.3125281627454486,visit,18.715652807830338,local
2050,1,z22,10.424746502785384,0.17374577504642305,idle,0,
2050,2,z00,16.107458348163437,0.2684576391360573,trip,10.666666666666515,
2060,0,z31,35.41835643139358,0.5903059405232264,visit,8.715652807830338,local
2060,1,z22,9.524746502785383,0.15874577504642307,trip,2.0089706448602556,
2060,2,z00,15.207458348163437,0.2534576391360573,trip,0.6666666666665151,
2070,0,z31,47.89499999999997,0.7982499999999995,idle,0,
2070,1,z11,9.34393914474796,0.15573231907913268,idle,0,
2070,2,z31,15.14745834816345,0.2524576391360575,idle,0,
2080,0,z31,46.99499999999996,0.7832499999999993,trip,2.0089706448602556,
2080,1,z11,8.44393914474796,0.14073231907913267,trip,8.309854494164938,
2080,2,z31,14.24745834816345,0.2374576391360575,trip,13.0,
2090,0,z20,46.81419264196254,0.780236544032709,idle,0,
2090,1,z32,7.696052240273115,0.12826753733788526,idle,0,local
2090,2,z31,13.34745834816345,0.22245763913605748,trip,3.0,
2100,0,z10,46.01919264196257,0.7669865440327095,idle,0,
2100,1,z32,13.97994112916227,0.23299901881937118,visit,21.57870198916953,local
2100,2,z32,13.07745834816345,0.2179576391360575,idle,0,
2110,0,z10,45.11919264196256,0.7519865440327094,trip,8.309854494164938,
2110,1,z32,30.64660779582894,0.5107767965971489,visit,11.57870198916953,local
2110,2,z32,12.17745834816345,0.2029576391360575,trip,6.5,
2120,0,z22,44.37130573748772,0.7395217622914619,idle,0,
2120,1,z32,47.313274462495606,0.7885545743749268,visit,1.5787019891695309,local
2120,2,z12,11.59245834816345,0.1932076391360575,idle,0,local
2130,0,z22,43.47130573748771,0.7245217622914618,trip,2.0089706448602556,
2130,1,z32,47.89499999999988,0.798249999999998,idle,0,
2130,2,z12,10.902458348163464,0.18170763913605772,visit,32.59185832443518,local
2140,0,z11,43.29049837945029,0.7215083063241715,idle,0,
2140,1,z32,46.99499999999988,0.7832499999999979,trip,8.309854494164938,
2140,2,z12,23.12468057038594,0.3854113428397657,visit,22.59185832443518,local
2150,0,z21,42.49549837945032,0.708258306324172,idle,0,
2150,1,z20,46.24711309552503,0.7707852182587505,idle,0,
2150,2,z12,39.791347237052605,0.6631891206175434,visit,12.59185832443518,local
2160,0,z22,41.700498379450345,0.6950083063241724,idle,0,
2160,1,z20,45.347113095525025,0.7557852182587504,trip,2.0089706448602556,
2160,2,z12,47.54326724919956,0.7923877874866593,visit,2.5918583244351794,local
2170,0,z22,40.80049837945034,0.6800083063241723,trip,12.851274623053996,
2170,1,z11,45.166305737487605,0.75277176229146,idle,0,
2170,2,z12,47.31000000000039,0.7885000000000065,idle,0,
2180,0,z22,39.90049837945034,0.6650083063241723,trip,2.851274623053996,
2180,1,z11,44.266305737487606,0.7377717622914601,trip,20.666666666666515,
2180,2,z12,46.41000000000039,0.7735000000000064,trip,6.5,
2190,0,z00,39.64388366337548,0.6607313943895914,idle,0,
2190,1,z11,43.36630573748761,0.7227717622914601,trip,10.666666666666515,
2190,2,z32,45.82500000000039,0.7637500000000065,idle,0,
2200,0,z00,38.743883663375485,0.6457313943895914,trip,5.333333333333485,
2200,1,z11,42.46630573748761,0.7077717622914601,trip,0.6666666666665151,
2200,2,z22,45.03000000000041,0.7505000000000069,idle,0,
2210,0,z20,38.26388366337551,0.6377313943895918,idle,0,local
2210,1,z31,42.40630573748762,0.7067717622914603,idle,0,
2210,2,z22,44.13000000000041,0.7355000000000068,trip,2.0089706448602556,
2220,0,z20,37.573883663375526,0.6262313943895921,visit,10.333333333333485,local
2220,1,z32,41.61130573748765,0.6935217622914608,idle,0,
2220,2,z31,43.94919264196299,0.7324865440327165,idle,0,
2230,0,z20,36.913883663375515,0.615231394389592,visit,0.3333333333334849,local
2230,1,z31,40.816305737487674,0.6802717622914612,idle,0,
2230,2,z32,43.154192641963014,0.7192365440327169,idle,0,
2240,0,z20,36.88388366337554,0.6147313943895923,idle,0,
2240,1,z32,40.0213057374877,0.6670217622914617,idle,0,
2240,2,z22,42.35919264196304,0.7059865440327173,idle,0,
2250,0,z20,35.983883663375536,0.5997313943895922,trip,8.309854494164938,
2250,1,z32,39.121305737487695,0.6520217622914616,trip,8.309854494164938,
2250,2,z22,41.459192641963035,0.6909865440327173,trip,2.0089706448602556,
2260,0,z32,35.23599675890069,0.5872666126483448,idle,0,
2260,1,z11,38.37341883301285,0.6395569805502141,idle,0,
2260,2,z31,41.278385283925616,0.6879730880654269,idle,0,
2270,0,z32,34.335996758900684,0.5722666126483448,trip,18.809226445223885,
2270,1,z21,37.578418833012876,0.6263069805502146,idle,0,local
2270,2,z31,40.37838528392561,0.6729730880654269,trip,2.0089706448602556,
2280,0,z32,33.435996758900686,0.5572666126483448,trip,8.809226445223885,
2280,1,z21,36.88841883301289,0.6148069805502149,visit,10.333333333333485,local
2280,2,z20,40.19757792588819,0.6699596320981365,idle,0,
2290,0,z00,32.643166378830536,0.5440527729805089,idle,0,
2290,1,z21,36.22841883301288,0.6038069805502146,visit,0.3333333333334849,local
2290,2,z20,39.297577925888184,0.6549596320981365,trip,2.0089706448602556,
2300,0,z00,31.743166378830534,0.5290527729805089,trip,15.410795394624074,
2300,1,z21,36.19841883301291,0.6033069805502151,idle,0,
2300,2,z11,39.116770567850764,0.651946176130846,idle,0,local
2310,0,z00,30.843166378830535,0.5140527729805089,trip,5.410795394624074,
2310,1,z21,35.2984188330129,0.588306980550215,trip,2.0089706448602556,
2310,2,z11,38.42677056785078,0.6404461761308463,visit,10.333333333333485,local
2320,0,z31,30.35619479331437,0.5059365798885728,idle,0,
2320,1,z32,35.11761147497548,0.5852935245829247,idle,0,
2320,2,z11,37.76677056785077,0.6294461761308462,visit,0.3333333333334849,local
2330,0,z31,29.45619479331437,0.49093657988857287,trip,14.166666666666515,
2330,1,z32,34.21761147497548,0.5702935245829246,trip,8.309854494164938,
2330,2,z11,37.7367705678508,0.6289461761308466,idle,0,
2340,0,z31,28.556194793314372,0.47593657988857285,trip,4.166666666666515,
2340,1,z11,33.46972457050063,0.5578287428416772,idle,0,
2340,2,z11,36.83677056785079,0.6139461761308466,trip,6.5,
2350,0,z01,28.181194793314386,0.4696865798885731,idle,0,
2350,1,z11,32.569724570500625,0.542828742841677,trip,2.0089706448602556,
2350,2,z31,36.25177056785079,0.6041961761308465,idle,0,
2360,0,z01,27.281194793314388,0.45468657988857314,trip,8.309854494164938,
2360,1,z20,32.388917212463205,0.5398152868743867,idle,0,
2360,2,z31,35.351770567850785,0.5891961761308464,trip,14.166666666666515,
2370,0,z22,26.533307888839545,0.44222179814732576,idle,0,
2370,1,z20,31.488917212463203,0.5248152868743867,trip,2.0089706448602556,
2370,2,z31,34.45177056785079,0.5741961761308464,trip,4.166666666666515,
2380,0,z22,25.633307888839546,0.42722179814732575,trip,6.5,
2380,1,z31,31.30810985442578,0.5218018309070963,idle,0,
2380,2,z01,34.0767705678508,0.5679461761308466,idle,0,
2390,0,z02,25.048307888839545,0.41747179814732577,idle,0,
2390,1,z31,30.40810985442578,0.5068018309070964,trip,8.309854494164938,
2390,2,z01,33.176770567850795,0.5529461761308466,trip,15.410795394624074,
2400,0,z02,24.148307888839543,0.4024717981473257,trip,8.508970644860256,
2400,1,z12,29.66022294995094,0.494337049165849,idle,0,
2400,2,z01,32.2767705678508,0.5379461761308466,trip,5.410795394624074,
2410,0,z21,23.38250053080212,0.3897083421800353,idle,0,
2410,1,z12,28.76022294995094,0.479337049165849,trip,2.0089706448602556,
2410,2,z32,31.78979898233463,0.5298299830389105,idle,0,
2420,0,z21,22.482500530802117,0.3747083421800353,trip,8.508970644860256,
2420,1,z01,28.579415591913516,0.4763235931985586,idle,0,
2420,2,z32,30.889798982334632,0.5148299830389106,trip,8.309854494164938,
2430,0,z11,21.716693172764693,0.3619448862127449,idle,0,central
2430,1,z02,27.784415591913543,0.46307359319855906,idle,0,
2430,2,z11,30.14191207785979,0.5023652012976632,idle,0,
2440,0,z11,20.816693172764694,0.3469448862127449,visit,51.286375654996846,central
2440,1,z02,26.884415591913545,0.44807359319855905,trip,18.809226445223885,
2440,2,z21,29.346912077859816,0.4891152012976636,idle,0,
2450,0,z11,20.173806268289837,0.3362301044714973,visit,41.286375654996846,central
2450,1,z02,25.984415591913546,0.4330735931985591,trip,8.809226445223885,
2450,2,z21,28.446912077859817,0.4741152012976636,trip,8.309854494164938,
2460,0,z11,20.173806268289837,0.3362301044714973,visit,31.286375654996846,central
2460,1,z30,25.191585211843396,0.41985975353072325,idle,0,central
2460,2,z00,27.699025173384975,0.4616504195564162,idle,0,
2470,0,z11,20.173806268289837,0.3362301044714973,visit,21.286375654996846,central
2470,1,z30,25.08658521184341,0.4181097535307235,visit,19.333333333333485,central
2470,2,z00,26.799025173384972,0.4466504195564162,trip,20.666666666666515,
2480,0,z11,19.646693172764696,0.3274448862127449,visit,11.286375654996846,central
2480,1,z30,25.08658521184341,0.4181097535307235,visit,9.333333333333485,central
2480,2,z00,25.899025173384974,0.43165041955641625,trip,10.666666666666515,
2490,0,z11,18.746693172764697,0.31244488621274497,visit,1.2863756549968457,central
2490,1,z30,24.981585211843424,0.41635975353072374,idle,0,
2490,2,z00,24.999025173384975,0.41665041955641624,trip,0.6666666666665151,
2500,0,z11,18.630919363814982,0.3105153227302497,idle,0,
2500,1,z30,24.08158521184342,0.4013597535307237,trip,21.910795394624074,
2500,2,z31,24.939025173384987,0.41565041955641646,idle,0,
2510,0,z11,17.73091936381498,0.29551532273024966,trip,5.333333333333485,
2510,1,z30,23.181585211843423,0.3863597535307237,trip,11.910795394624074,
2510,2,z21,24.144025173385014,0.4024004195564169,idle,0,local
2520,0,z22,17.250919363815008,0.28751532273025016,idle,0,
2520,1,z30,22.281585211843424,0.37135975353072376,trip,1.910795394624074,
2520,2,z21,23.93402517338504,0.39890041955641736,idle,0,
2530,0,z32,16.455919363815035,0.27426532273025056,idle,0,
2530,1,z00,22.109613626327256,0.3684935604387876,idle,0,
2530,2,z21,23.034025173385043,0.3839004195564174,trip,2.0089706448602556,
2540,0,z32,15.555919363815034,0.25926532273025055,trip,2.0089706448602556,
2540,1,z00,21.209613626327254,0.35349356043878755,trip,14.809854494164938,
2540,2,z12,22.85321781534762,0.380886963589127,idle,0,
2550,0,z21,15.375112005777611,0.2562518667629602,idle,0,
2550,1,z00,20.309613626327256,0.3384935604387876,trip,4.809854494164938,
2550,2,z12,21.95321781534762,0.36588696358912703,trip,6.5,
2560,0,z20,14.580112005777638,0.24300186676296062,idle,0,
2560,1,z22,19.87672672185241,0.3312787786975402,idle,0,
2560,2,z32,21.36821781534762,0.356136963589127,idle,0,
2570,0,z21,13.785112005777664,0.22975186676296108,idle,0,
2570,1,z22,18.976726721852412,0.3162787786975402,trip,6.5,
2570,2,z32,20.468217815347618,0.341136963589127,trip,20.666666666666515,
2580,0,z21,12.885112005777664,0.21475186676296107,trip,14.809854494164938,
2580,1,z20,18.39172672185241,0.3065287786975402,idle,0,
2580,2,z32,19.56821781534762,0.32613696358912697,trip,10.666666666666515,
2590,0,z21,11.985112005777664,0.19975186676296106,trip,4.809854494164938,
2590,1,z20,17.491726721852412,0.2915287786975402,trip,2.0089706448602556,
2590,2,z32,18.66821781534762,0.311136963589127,trip,0.6666666666665151,
2600,0,z12,11.552225101302819,0.19253708502171366,idle,0,
2600,1,z11,17.31091936381499,0.2885153227302498,idle,0,
2600,2,z01,18.608217815347633,0.31013696358912723,idle,0,
2610,0,z12,10.652225101302818,0.17753708502171364,trip,19.351274623053996,
2610,1,z11,16.41091936381499,0.27351532273024987,trip,8.309854494164938,
2610,2,z01,17.70821781534763,0.29513696358912717,trip,8.508970644860256,
2620,0,z12,9.752225101302818,0.16253708502171363,trip,9.351274623053996,
2620,1,z32,15.663032459340146,0.26105054098900243,idle,0,
2620,2,z22,16.942410457310206,0.2823735076218368,idle,0,
2630,0,z20,8.910610385227958,0.14851017308713263,idle,0,
2630,1,z31,14.868032459340172,0.24780054098900287,idle,0,
2630,2,z12,16.147410457310233,0.26912350762183723,idle,0,
2640,0,z20,8.010610385227958,0.13351017308713262,trip,5.333333333333485,
2640,1,z21,14.0730324593402,0.23455054098900333,idle,0,
2640,2,z12,15.247410457310233,0.2541235076218372,trip,8.309854494164938,
2650,0,z20,7.530610385227985,0.12551017308713308,idle,0,local
2650,1,z21,13.173032459340199,0.2195505409890033,trip,13.0,
2650,2,z20,14.499523552835388,0.24165872588058981,idle,0,
2660,0,z20,6.840610385227999,0.1140101730871333,visit,35.028967102196475,local
2660,1,z21,12.273032459340198,0.2045505409890033,trip,3.0,
2660,2,z20,13.599523552835388,0.2266587258805898,trip,20.666666666666515,
2670,0,z20,19.062832607450474,0.31771387679084123,visit,25.028967102196475,local
2670,1,z11,12.003032459340199,0.20005054098900332,idle,0,local
2670,2,z20,12.699523552835387,0.2116587258805898,trip,10.666666666666515,
2680,0,z20,35.729499274117146,0.5954916545686191,visit,15.028967102196475,local
2680,1,z11,18.286921348229356,0.30478202247048924,visit,18.99451385772909,local
2680,2,z20,11.799523552835387,0.19665872588058977,trip,0.6666666666665151,
2690,0,z20,47.762607039197306,0.7960434506532884,visit,5.028967102196475,local
2690,1,z11,34.95358801489603,0.5825598002482671,visit,8.994513857729089,local
2690,2,z00,11.7395235528354,0.19565872588059002,idle,0,
2700,0,z20,47.30999999999966,0.7884999999999943,idle,0,
2700,1,z11,47.89500000000033,0.7982500000000055,idle,0,
2700,2,z00,10.8395235528354,0.18065872588059,trip,6.5,
2710,0,z20,46.409999999999656,0.7734999999999943,trip,2.0089706448602556,
2710,1,z11,46.995000000000324,0.7832500000000054,trip,8.309854494164938,
2710,2,z20,10.254523552835401,0.17090872588059003,idle,0,local
2720,0,z31,46.229192641962236,0.7704865440327039,idle,0,
2720,1,z32,46.24711309552548,0.770785218258758,idle,0,
2720,2,z20,9.564523552835414,0.15940872588059024,visit,33.39461920163194,local
2730,0,z32,45.43419264196226,0.7572365440327044,idle,0,
2730,1,z32,45.34711309552547,0.7557852182587579,trip,8.309854494164938,
2730,2,z20,21.786745775057888,0.3631124295842981,visit,23.39461920163194,local
2740,0,z32,44.53419264196226,0.7422365440327042,trip,15.410795394624074,
2740,1,z20,44.599226191050626,0.7433204365175105,idle,0,
2740,2,z20,38.45341244172455,0.6408902073620759,visit,13.39461920163194,local
2750,0,z32,43.63419264196226,0.7272365440327043,trip,5.410795394624074,
2750,1,z20,43.69922619105062,0.7283204365175103,trip,8.309854494164938,
2750,2,z20,47.61551572814715,0.7935919288024526,visit,3.39461920163194,local
2760,0,z01,43.14722105644609,0.7191203509407682,idle,0,
2760,1,z32,42.951339286575774,0.7158556547762629,idle,0,
2760,2,z20,47.31000000000028,0.7885000000000046,idle,0,
2770,0,z01,42.24722105644609,0.7041203509407681,trip,14.166666666666515,
2770,1,z32,42.05133928657577,0.7008556547762628,trip,14.166666666666515,
2770,2,z20,46.410000000000274,0.7735000000000045,trip,8.309854494164938,
2780,0,z01,41.34722105644609,0.6891203509407682,trip,4.166666666666515,
2780,1,z32,41.15133928657577,0.6858556547762629,trip,4.166666666666515,
2780,2,z12,45.66211309552543,0.7610352182587571,idle,0,
2790,0,z31,40.9722210564461,0.6828703509407684,idle,0,
2790,1,z02,40.776339286575784,0.6796056547762631,idle,0,
2790,2,z12,44.76211309552542,0.7460352182587571,trip,6.5,
2800,0,z31,40.0722210564461,0.6678703509407683,trip,2.0089706448602556,
2800,1,z02,40.776339286575784,0.6796056547762631,idle,0,
2800,2,z32,44.17711309552542,0.736285218258757,idle,0,
2810,0,z20,39.89141369840868,0.664856894973478,idle,0,
2810,1,z02,39.876339286575785,0.6646056547762631,trip,19.351274623053996,
2810,2,z32,43.277113095525415,0.7212852182587569,trip,2.0089706448602556,
2820,0,z20,38.99141369840867,0.6498568949734779,trip,8.309854494164938,
2820,1,z02,38.97633928657579,0.6496056547762631,trip,9.351274623053996,
2820,2,z21,43.096305737487995,0.7182717622914666,idle,0,
2830,0,z32,38.243526793933825,0.6373921132322304,idle,0,
2830,1,z30,38.13472457050093,0.6355787428416821,idle,0,
2830,2,z21,42.19630573748799,0.7032717622914665,trip,2.0089706448602556,
2840,0,z32,37.34352679393382,0.6223921132322303,trip,12.851274623053996,
2840,1,z30,37.23472457050092,0.620578742841682,trip,2.0089706448602556,
2840,2,z32,42.01549837945057,0.7002583063241762,idle,0,
2850,0,z32,36.44352679393382,0.6073921132322303,trip,2.851274623053996,
2850,1,z21,37.0539172124635,0.6175652868743917,idle,0,
2850,2,z32,42.01549837945057,0.7002583063241762,idle,0,
2860,0,z10,36.18691207785896,0.6031152012976494,idle,0,
2860,1,z21,36.1539172124635,0.6025652868743916,trip,2.0089706448602556,
2860,2,z32,41.115498379450564,0.6852583063241761,trip,15.410795394624074,
2870,0,z10,35.28691207785896,0.5881152012976493,trip,12.851274623053996,
2870,1,z32,35.97310985442608,0.5995518309071013,idle,0,
2870,2,z32,40.215498379450565,0.670258306324176,trip,5.410795394624074,
2880,0,z10,34.38691207785896,0.5731152012976494,trip,2.851274623053996,
2880,1,z32,35.07310985442607,0.5845518309071012,trip,8.309854494164938,
2880,2,z01,39.7285267939344,0.66214211323224,idle,0,
2890,0,z32,34.1302973617841,0.5688382893630684,idle,0,local
2890,1,z20,34.325222949951225,0.5720870491658537,idle,0,local
2890,2,z01,39.7285267939344,0.66214211323224,idle,0,
2900,0,z32,33.92029736178412,0.5653382893630687,idle,0,
2900,1,z20,33.63522294995124,0.560587049165854,visit,10.333333333333485,local
2900,2,z01,38.828526793934394,0.6471421132322399,trip,6.5,
2910,0,z32,33.02029736178412,0.5503382893630686,trip,6.5,
2910,1,z20,32.97522294995123,0.5495870491658539,visit,0.3333333333334849,local
2910,2,z21,38.24352679393439,0.6373921132322399,idle,0,
2920,0,z30,32.435297361784116,0.5405882893630686,idle,0,
2920,1,z20,32.94522294995126,0.5490870491658543,idle,0,
2920,2,z21,38.24352679393439,0.6373921132322399,idle,0,
2930,0,z30,32.435297361784116,0.5405882893630686,idle,0,
2930,1,z20,32.94522294995126,0.5490870491658543,idle,0,
2930,2,z20,37.44852679393442,0.6241421132322403,idle,0,
2940,0,z30,32.435297361784116,0.5405882893630686,idle,0,
2940,1,z20,32.04522294995125,0.5340870491658543,trip,2.0089706448602556,
2940,2,z21,36.65352679393445,0.6108921132322408,idle,0,local
2950,0,z30,31.535297361784114,0.5255882893630686,trip,14.166666666666515,
2950,1,z11,31.86441559191383,0.5310735931985638,idle,0,
2950,2,z21,36.44352679393447,0.6073921132322411,idle,0,
2960,0,z30,30.635297361784115,0.5105882893630685,trip,4.166666666666515,
2960,1,z11,31.86441559191383,0.5310735931985638,idle,0,
2960,2,z31,35.648526793934494,0.5941421132322415,idle,0,
2970,0,z00,30.26029736178413,0.5043382893630688,idle,0,
2970,1,z11,31.86441559191383,0.5310735931985638,idle,0,
2970,2,z21,34.85352679393452,0.580892113232242,idle,0,
2980,0,z00,30.26029736178413,0.5043382893630688,idle,0,
2980,1,z01,31.069415591913856,0.5178235931985643,idle,0,
2980,2,z21,33.953526793934515,0.5658921132322419,trip,2.0089706448602556,
2990,0,z00,30.26029736178413,0.5043382893630688,idle,0,
2990,1,z01,31.069415591913856,0.5178235931985643,idle,0,
2990,2,z10,33.772719435897095,0.5628786572649516,idle,0,
3000,0,z00,30.26029736178413,0.5043382893630688,idle,0,
3000,1,z01,30.169415591913857,0.5028235931985643,trip,8.309854494164938,
3000,2,z10,33.772719435897095,0.5628786572649516,idle,0,
3010,0,z00,30.26029736178413,0.5043382893630688,idle,0,
3010,1,z20,29.421528687439015,0.4903588114573169,idle,0,
3010,2,z10,33.772719435897095,0.5628786572649516,idle,0,
3020,0,z00,30.26029736178413,0.5043382893630688,idle,0,
3020,1,z20,29.421528687439015,0.4903588114573169,idle,0,
3020,2,z10,32.87271943589709,0.5478786572649514,trip,12.851274623053996,
3030,0,z00,30.26029736178413,0.5043382893630688,idle,0,
3030,1,z20,29.421528687439015,0.4903588114573169,idle,0,
3030,2,z10,31.97271943589709,0.5328786572649515,trip,2.851274623053996,
3040,0,z00,30.26029736178413,0.5043382893630688,idle,0,
3040,1,z10,28.62652868743904,0.47710881145731737,idle,0,
3040,2,z32,31.71610471982223,0.5286017453303705,idle,0,
3050,0,z00,30.26029736178413,0.5043382893630688,idle,0,
3050,1,z10,28.62652868743904,0.47710881145731737,idle,0,
3050,2,z32,30.81610471982223,0.5136017453303705,trip,6.5,
3060,0,z00,30.26029736178413,0.5043382893630688,idle,0,
3060,1,z10,28.62652868743904,0.47710881145731737,idle,0,
3060,2,z12,30.23110471982223,0.5038517453303705,idle,0,
3070,0,z00,30.26029736178413,0.5043382893630688,idle,0,
3070,1,z10,28.62652868743904,0.47710881145731737,idle,0,
3070,2,z12,30.23110471982223,0.5038517453303705,idle,0,
3080,0,z00,30.26029736178413,0.5043382893630688,idle,0,
3080,1,z10,28.62652868743904,0.47710881145731737,idle,0,
3080,2,z12,30.23110471982223,0.5038517453303705,idle,0,
3090,0,z00,30.26029736178413,0.5043382893630688,idle,0,
3090,1,z10,28.62652868743904,0.47710881145731737,idle,0,
3090,2,z12,30.23110471982223,0.5038517453303705,idle,0,
3100,0,z00,30.26029736178413,0.5043382893630688,idle,0,
3100,1,z20,27.831528687439068,0.4638588114573178,idle,0,
3100,2,z12,29.331104719822232,0.4888517453303705,trip,8.309854494164938,
3110,0,z00,30.26029736178413,0.5043382893630688,idle,0,
3110,1,z20,26.93152868743907,0.4488588114573178,trip,8.309854494164938,
3110,2,z00,28.58321781534739,0.47638696358912314,idle,0,
3120,0,z00,30.26029736178413,0.5043382893630688,idle,0,
3120,1,z32,26.183641782964227,0.43639402971607044,idle,0,
3120,2,z00,28.58321781534739,0.47638696358912314,idle,0,
3130,0,z00,30.26029736178413,0.5043382893630688,idle,0,
3130,1,z32,26.183641782964227,0.43639402971607044,idle,0,
3130,2,z00,28.58321781534739,0.47638696358912314,idle,0,
3140,0,z00,29.36029736178413,0.48933828936306883,trip,14.166666666666515,
3140,1,z32,26.183641782964227,0.43639402971607044,idle,0,
3140,2,z00,28.58321781534739,0.47638696358912314,idle,0,
3150,0,z00,28.460297361784132,0.4743382893630689,trip,4.166666666666515,
3150,1,z31,25.388641782964253,0.4231440297160709,idle,0,
3150,2,z00,27.68321781534739,0.4613869635891232,trip,18.809226445223885,
3160,0,z30,28.085297361784146,0.4680882893630691,idle,0,
3160,1,z31,25.388641782964253,0.4231440297160709,idle,0,
3160,2,z00,26.783217815347392,0.4463869635891232,trip,8.809226445223885,
3170,0,z30,28.085297361784146,0.4680882893630691,idle,0,
3170,1,z31,24.488641782964255,0.4081440297160709,trip,2.0089706448602556,
3170,2,z32,25.990387435277242,0.4331731239212874,idle,0,
3180,0,z30,28.085297361784146,0.4680882893630691,idle,0,
3180,1,z22,24.30783442492683,0.40513057374878053,idle,0,local
3180,2,z32,25.090387435277243,0.4181731239212874,trip,12.851274623053996,
3190,0,z30,28.085297361784146,0.4680882893630691,idle,0,
3190,1,z22,24.09783442492686,0.401630573748781,idle,0,
3190,2,z32,24.190387435277245,0.4031731239212874,trip,2.851274623053996,
3200,0,z30,28.085297361784146,0.4680882893630691,idle,0,
3200,1,z22,23.19783442492686,0.386630573748781,trip,8.309854494164938,
3200,2,z10,23.933772719202384,0.3988962119867064,idle,0,central
3210,0,z30,28.085297361784146,0.4680882893630691,idle,0,
3210,1,z30,22.449947520452017,0.37416579200753364,idle,0,
3210,2,z10,23.033772719202386,0.3838962119867064,visit,47.666666666666515,central
3220,0,z30,28.085297361784146,0.4680882893630691,idle,0,
3220,1,z30,22.449947520452017,0.37416579200753364,idle,0,
3220,2,z10,22.55377271920237,0.3758962119867062,visit,37.666666666666515,central
3230,0,z30,28.085297361784146,0.4680882893630691,idle,0,
3230,1,z30,22.449947520452017,0.37416579200753364,idle,0,
3230,2,z10,22.55377271920237,0.3758962119867062,visit,27.666666666666515,central
3240,0,z30,28.085297361784146,0.4680882893630691,idle,0,
3240,1,z30,22.449947520452017,0.37416579200753364,idle,0,
3240,2,z10,22.55377271920237,0.3758962119867062,visit,17.666666666666515,central
3250,0,z30,27.185297361784148,0.4530882893630691,trip,8.309854494164938,
3250,1,z30,21.54994752045202,0.3591657920075336,trip,6.5,
3250,2,z10,21.863772719202384,0.3643962119867064,visit,7.666666666666515,central
3260,0,z22,26.437410457309305,0.44062350762182173,idle,0,
3260,1,z32,20.964947520452018,0.34941579200753364,idle,0,
3260,2,z10,21.173772719202358,0.35289621198670595,idle,0,
3270,0,z32,25.64241045730933,0.4273735076218222,idle,0,
3270,1,z32,20.06494752045202,0.33441579200753363,trip,8.309854494164938,
3270,2,z10,21.173772719202358,0.35289621198670595,idle,0,
3280,0,z22,24.84741045730936,0.41412350762182265,idle,0,
3280,1,z11,19.317060615977176,0.32195101026628625,idle,0,
3280,2,z10,21.173772719202358,0.35289621198670595,idle,0,
3290,0,z21,24.052410457309385,0.4008735076218231,idle,0,
3290,1,z10,18.522060615977203,0.3087010102662867,idle,0,
3290,2,z10,21.173772719202358,0.35289621198670595,idle,0,
3300,0,z20,23.257410457309412,0.3876235076218235,idle,0,local
3300,1,z10,17.622060615977205,0.29370101026628676,trip,8.309854494164938,
3300,2,z10,20.27377271920236,0.337896211986706,trip,8.309854494164938,
3310,0,z20,22.567410457309425,0.3761235076218237,visit,10.333333333333485,local
3310,1,z22,16.874173711502362,0.2812362285250394,idle,0,
3310,2,z31,19.525885814727516,0.3254314302454586,idle,0,
3320,0,z20,21.90741045730941,0.3651235076218235,visit,0.3333333333334849,local
3320,1,z22,15.974173711502361,0.26623622852503936,trip,2.0089706448602556,
3320,2,z31,18.625885814727518,0.3104314302454586,trip,6.5,
3330,0,z20,21.877410457309438,0.36462350762182394,idle,0,
3330,1,z31,15.793366353464938,0.26322277255774895,idle,0,
3330,2,z11,18.040885814727517,0.3006814302454586,idle,0,
3340,0,z20,20.97741045730944,0.349623507621824,trip,2.0089706448602556,
3340,1,z31,14.893366353464938,0.24822277255774897,trip,2.0089706448602556,
3340,2,z11,17.14088581472752,0.2856814302454586,trip,25.0864327061513,
3350,0,z11,20.796603099272016,0.34661005165453357,idle,0,
3350,1,z20,14.712558995427514,0.24520931659045858,idle,0,
3350,2,z11,16.240885814727516,0.2706814302454586,trip,15.0864327061513,
3360,0,z11,19.896603099272014,0.33161005165453356,trip,14.809854494164938,
3360,1,z20,13.812558995427514,0.23020931659045857,trip,14.809854494164938,
3360,2,z11,15.340885814727516,0.2556814302454586,trip,5.0864327061512995,
3370,0,z11,18.996603099272015,0.3166100516545336,trip,4.809854494164938,
3370,1,z20,12.912558995427514,0.21520931659045855,trip,4.809854494164938,
3370,2,z31,14.883106871173899,0.24805178118623164,idle,0,
3380,0,z31,18.56371619479717,0.30939526991328614,idle,0,
3380,1,z22,12.479672090952668,0.20799453484921113,idle,0,local
3380,2,z21,14.088106871173926,0.2348017811862321,idle,0,
3390,0,z32,17.768716194797197,0.2961452699132866,idle,0,
3390,1,z22,18.763560979841824,0.3127260163306971,visit,18.70853007876167,local
3390,2,z21,13.188106871173925,0.2198017811862321,trip,2.0089706448602556,
3400,0,z31,16.973716194797223,0.28289526991328706,idle,0,
3400,1,z22,35.43022764650849,0.5905037941084749,visit,8.708530078761669,local
3400,2,z32,13.007299513136502,0.2167883252189417,idle,0,
3410,0,z31,16.073716194797225,0.2678952699132871,trip,6.5,
3410,1,z22,47.89499999999967,0.7982499999999945,idle,0,
3410,2,z31,12.212299513136529,0.20353832521894213,idle,0,
3420,0,z11,15.488716194797226,0.25814526991328707,idle,0,
3420,1,z22,46.99499999999966,0.7832499999999943,trip,2.0089706448602556,
3420,2,z31,11.312299513136528,0.18853832521894215,trip,2.0089706448602556,
3430,0,z11,14.588716194797225,0.24314526991328708,trip,14.809854494164938,
3430,1,z11,46.814192641962244,0.780236544032704,idle,0,
3430,2,z20,11.131492155099105,0.18552486925165174,idle,0,
3440,0,z11,13.688716194797225,0.22814526991328707,trip,4.809854494164938,
3440,1,z11,45.91419264196224,0.7652365440327039,trip,8.309854494164938,
3440,2,z20,10.231492155099104,0.17052486925165175,trip,12.851274623053996,
3450,0,z22,13.25582929032238,0.22093048817203967,idle,0,
3450,1,z32,45.16630573748739,0.7527717622914565,idle,0,
3450,2,z20,9.331492155099104,0.15552486925165174,trip,2.851274623053996,
3460,0,z22,12.35582929032238,0.20593048817203966,trip,2.0089706448602556,
3460,1,z31,44.37130573748742,0.7395217622914569,idle,0,
3460,2,z02,9.074877439024245,0.15124795731707075,idle,0,local
3470,0,z31,12.175021932284956,0.20291703220474927,idle,0,
3470,1,z31,43.47130573748742,0.724521762291457,trip,13.0,
3470,2,z02,8.174877439024245,0.13624795731707076,visit,40.625165907795235,local
3480,0,z31,11.275021932284956,0.18791703220474926,trip,15.410795394624074,
3480,1,z31,42.57130573748742,0.709521762291457,trip,3.0,
3480,2,z02,15.028563450663906,0.2504760575110651,visit,30.625165907795235,local
3490,0,z31,10.375021932284955,0.17291703220474924,trip,5.410795394624074,
3490,1,z32,42.30130573748742,0.705021762291457,idle,0,
3490,2,z02,31.695230117330574,0.528253835288843,visit,20.625165907795235,local
3500,0,z02,9.88805034676879,0.16480083911281315,idle,0,local
3500,1,z32,41.40130573748741,0.6900217622914568,trip,14.166666666666515,
3500,2,z02,47.98045757366386,0.7996742928943977,visit,10.625165907795235,local
3510,0,z02,8.988050346768789,0.14980083911281314,visit,40.137262163148534,local
3510,1,z32,40.501305737487414,0.6750217622914569,trip,4.166666666666515,
3510,2,z02,47.080457573663864,0.7846742928943977,visit,0.6251659077952354,local
3520,0,z02,15.84173635840845,0.2640289393068075,visit,30.137262163148534,local
3520,1,z02,40.12630573748743,0.6687717622914572,idle,0,
3520,2,z02,47.024192641962294,0.7837365440327049,idle,0,
3530,0,z02,32.50840302507512,0.5418067170845853,visit,20.137262163148534,local
3530,1,z02,40.12630573748743,0.6687717622914572,idle,0,
3530,2,z02,47.024192641962294,0.7837365440327049,idle,0,
3540,0,z02,47.936546236645704,0.7989424372774284,visit,10.137262163148534,local
3540,1,z02,39.22630573748742,0.6537717622914571,trip,8.309854494164938,
3540,2,z02,46.124192641962296,0.768736544032705,trip,20.666666666666515,
3550,0,z02,47.036546236645705,0.7839424372774284,visit,0.13726216314853446,local
3550,1,z10,38.478418833012576,0.6413069805502096,idle,0,
3550,2,z02,45.2241926419623,0.753736544032705,trip,10.666666666666515,
3560,0,z02,47.02419264196234,0.7837365440327057,idle,0,
3560,1,z10,37.57841883301257,0.6263069805502095,trip,6.5,
3560,2,z02,44.3241926419623,0.738736544032705,trip,0.6666666666665151,
3570,0,z02,46.12419264196233,0.7687365440327055,trip,2.0089706448602556,
3570,1,z12,36.99341883301257,0.6165569805502095,idle,0,
3570,2,z31,44.26419264196231,0.7377365440327052,idle,0,
3580,0,z11,45.94338528392491,0.7657230880654152,idle,0,
3580,1,z12,36.09341883301257,0.6015569805502096,trip,5.333333333333485,
3580,2,z21,43.46919264196234,0.7244865440327056,idle,0,
3590,0,z11,45.043385283924906,0.7507230880654151,trip,8.309854494164938,
3590,1,z10,35.613418833012595,0.5935569805502099,idle,0,local
3590,2,z21,42.56919264196233,0.7094865440327055,trip,2.0089706448602556,
3600,0,z30,44.29549837945006,0.7382583063241677,idle,0,
3600,1,z10,35.403418833012616,0.5900569805502103,idle,0,
3600,2,z10,42.38838528392491,0.7064730880654152,idle,0,
3610,0,z30,43.39549837945005,0.7232583063241675,trip,14.166666666666515,
3610,1,z10,34.50341883301261,0.5750569805502102,trip,12.851274623053996,
3610,2,z10,42.38838528392491,0.7064730880654152,idle,0,
3620,0,z30,42.495498379450055,0.7082583063241675,trip,4.166666666666515,
3620,1,z10,33.60341883301261,0.5600569805502101,trip,2.851274623053996,
3620,2,z10,41.488385283924906,0.6914730880654151,trip,2.0089706448602556,
3630,0,z00,42.12049837945007,0.7020083063241678,idle,0,
3630,1,z32,33.346804116937754,0.5557800686156292,idle,0,
3630,2,z21,41.307577925887486,0.6884596320981248,idle,0,
3640,0,z00,41.22049837945007,0.6870083063241679,trip,14.809854494164938,
3640,1,z22,32.55180411693778,0.5425300686156297,idle,0,
3640,2,z31,40.51257792588751,0.6752096320981252,idle,0,
3650,0,z00,40.32049837945007,0.6720083063241679,trip,4.809854494164938,
3650,1,z32,31.756804116937804,0.52928006861563,idle,0,
3650,2,z31,39.61257792588751,0.6602096320981251,trip,6.5,
3660,0,z31,39.88761147497523,0.6647935245829205,idle,0,
3660,1,z32,30.856804116937806,0.5142800686156301,trip,8.309854494164938,
3660,2,z11,39.027577925887506,0.6504596320981251,idle,0,
3670,0,z21,39.09261147497526,0.651543524582921,idle,0,
3670,1,z20,30.108917212462963,0.5018152868743827,idle,0,
3670,2,z11,38.1275779258875,0.6354596320981251,trip,2.0089706448602556,
3680,0,z21,38.19261147497525,0.6365435245829208,trip,2.0089706448602556,
3680,1,z20,29.208917212462964,0.48681528687438275,trip,2.0089706448602556,
3680,2,z20,37.94677056785008,0.6324461761308346,idle,0,
3690,0,z32,38.01180411693783,0.6335300686156305,idle,0,
3690,1,z31,29.02810985442554,0.48380183090709233,idle,0,
3690,2,z21,37.15177056785011,0.6191961761308351,idle,0,local
3700,0,z31,37.21680411693786,0.620280068615631,idle,0,
3700,1,z21,28.233109854425567,0.4705518309070928,idle,0,
3700,2,z21,36.94177056785013,0.6156961761308355,idle,0,
3710,0,z31,36.31680411693785,0.6052800686156309,trip,14.166666666666515,
3710,1,z21,27.33310985442557,0.45555183090709284,trip,2.0089706448602556,
3710,2,z21,36.04177056785013,0.6006961761308355,trip,13.0,
3720,0,z31,35.416804116937854,0.5902800686156309,trip,4.166666666666515,
3720,1,z32,27.152302496388145,0.4525383749398024,idle,0,
3720,2,z21,35.14177056785013,0.5856961761308355,trip,3.0,
3730,0,z01,35.04180411693787,0.5840300686156311,idle,0,local
3730,1,z32,26.252302496388147,0.43753837493980247,trip,18.809226445223885,
3730,2,z31,34.87177056785013,0.5811961761308354,idle,0,
3740,0,z01,34.14180411693787,0.5690300686156312,visit,16.68460795638748,local
3740,1,z32,25.35230249638815,0.42253837493980245,trip,8.809226445223885,
3740,2,z31,33.97177056785012,0.5661961761308354,trip,2.0089706448602556,
3750,0,z01,33.69180411693787,0.5615300686156312,visit,6.684607956387481,local
3750,1,z00,24.559472116318,0.40932453527196666,idle,0,central
3750,2,z20,33.7909632098127,0.563182720163545,idle,0,
3760,0,z01,33.090189400863,0.55150315668105,idle,0,
3760,1,z00,23.659472116318,0.39432453527196665,visit,63.0,central
3760,2,z20,32.890963209812696,0.548182720163545,trip,2.0089706448602556,
3770,0,z01,32.19018940086299,0.5365031566810499,trip,15.410795394624074,
3770,1,z00,22.759472116318,0.3793245352719667,visit,53.0,central
3770,2,z11,32.710155851775276,0.5451692641962546,idle,0,
3780,0,z01,31.290189400862992,0.5215031566810499,trip,5.410795394624074,
3780,1,z00,22.489472116318,0.3748245352719667,visit,43.0,central
3780,2,z11,31.810155851775274,0.5301692641962545,trip,8.309854494164938,
3790,0,z32,30.803217815346827,0.5133869635891137,idle,0,
3790,1,z00,22.489472116318,0.3748245352719667,visit,33.0,central
3790,2,z32,31.06226894730043,0.5177044824550072,idle,0,
3800,0,z22,30.008217815346853,0.5001369635891142,idle,0,
3800,1,z00,22.489472116318,0.3748245352719667,visit,23.0,central
3800,2,z32,30.162268947300433,0.5027044824550072,trip,8.309854494164938,
3810,0,z32,29.21321781534688,0.48688696358911465,idle,0,
3810,1,z00,21.589472116318003,0.35982453527196673,visit,13.0,central
3810,2,z20,29.41438204282559,0.49023970071375983,idle,0,
3820,0,z32,28.31321781534688,0.4718869635891147,trip,6.5,
3820,1,z00,20.689472116318004,0.3448245352719667,visit,3.0,central
3820,2,z20,28.51438204282559,0.47523970071375987,trip,2.0089706448602556,
3830,0,z12,27.72821781534688,0.46213696358911466,idle,0,
3830,1,z00,20.419472116318005,0.34032453527196677,idle,0,
3830,2,z31,28.333574684788168,0.47222624474646946,idle,0,
3840,0,z12,26.828217815346882,0.4471369635891147,trip,2.0089706448602556,
3840,1,z00,19.519472116318006,0.32532453527196675,trip,12.851274623053996,
3840,2,z31,27.43357468478817,0.4572262447464695,trip,2.0089706448602556,
3850,0,z21,26.64741045730946,0.4441235076218243,idle,0,
3850,1,z00,18.619472116318008,0.3103245352719668,trip,2.851274623053996,
3850,2,z20,27.252767326750746,0.4542127887791791,idle,0,
3860,0,z21,25.74741045730946,0.42912350762182433,trip,2.0089706448602556,
3860,1,z22,18.362857400243147,0.3060476233373858,idle,0,
3860,2,z20,26.352767326750747,0.43921278877917913,trip,6.5,
3870,0,z30,25.566603099272037,0.4261100516545339,idle,0,
3870,1,z22,17.46285740024315,0.2910476233373858,trip,8.309854494164938,
3870,2,z22,25.767767326750747,0.4294627887791791,idle,0,local
3880,0,z30,24.666603099272034,0.4111100516545339,trip,8.508970644860256,
3880,1,z30,16.714970495768306,0.27858284159613844,idle,0,
3880,2,z22,25.557767326750774,0.4259627887791796,idle,0,
3890,0,z20,23.90079574123461,0.3983465956872435,idle,0,
3890,1,z30,15.814970495768305,0.26358284159613843,trip,13.0,
3890,2,z22,24.657767326750776,0.4109627887791796,trip,8.309854494164938,
3900,0,z20,23.00079574123461,0.38334659568724355,trip,8.309854494164938,
3900,1,z30,14.914970495768307,0.24858284159613844,trip,3.0,
3900,2,z01,23.909880422275933,0.3984980070379322,idle,0,
3910,0,z01,22.25290883675977,0.3708818139459961,idle,0,central
3910,1,z31,14.644970495768307,0.24408284159613844,idle,0,
3910,2,z01,23.009880422275934,0.38349800703793224,trip,14.166666666666515,
3920,0,z01,21.35290883675977,0.35588181394599616,visit,65.48825745591512,central
3920,1,z31,13.744970495768307,0.22908284159613845,trip,6.5,
3920,2,z01,22.109880422275936,0.3684980070379323,trip,4.166666666666515,
3930,0,z01,20.45290883675977,0.3408818139459962,visit,55.48825745591512,central
3930,1,z11,13.159970495768308,0.21933284159613847,idle,0,
3930,2,z31,21.73488042227595,0.3622480070379325,idle,0,
3940,0,z01,20.070937251243592,0.3345156208540599,visit,45.48825745591512,central
3940,1,z11,12.259970495768307,0.20433284159613846,trip,8.508970644860256,
3940,2,z31,20.83488042227595,0.3472480070379325,trip,15.410795394624074,
3950,0,z01,20.070937251243592,0.3345156208540599,visit,35.48825745591512,central
3950,1,z10,11.494163137730885,0.1915693856288481,idle,0,
3950,2,z31,19.934880422275953,0.33224800703793256,trip,5.410795394624074,
3960,0,z01,20.070937251243592,0.3345156208540599,visit,25.488257455915118,central
3960,1,z10,10.594163137730884,0.17656938562884808,trip,5.333333333333485,
3960,2,z00,19.447908836759787,0.32413181394599644,idle,0,
3970,0,z01,19.282908836759773,0.32138181394599624,visit,15.488257455915118,central
3970,1,z21,10.114163137730912,0.16856938562884854,idle,0,
3970,2,z00,18.547908836759788,0.3091318139459965,trip,14.166666666666515,
3980,0,z01,18.382908836759775,0.30638181394599623,visit,5.488257455915118,central
3980,1,z21,9.214163137730912,0.15356938562884853,trip,2.0089706448602556,
3980,2,z00,17.64790883675979,0.29413181394599647,trip,4.166666666666515,
3990,0,z01,17.888965665727415,0.2981494277621236,idle,0,
3990,1,z30,9.033355779693489,0.15055592966155815,idle,0,
3990,2,z30,17.272908836759804,0.2878818139459967,idle,0,
4000,0,z01,16.988965665727417,0.2831494277621236,trip,8.309854494164938,
4000,1,z30,8.133355779693488,0.13555592966155813,trip,13.0,
4000,2,z30,16.3729088367598,0.2728818139459967,trip,14.809854494164938,
4010,0,z20,16.241078761252574,0.2706846460208762,idle,0,
4010,1,z30,7.233355779693488,0.12055592966155813,trip,3.0,
4010,2,z30,15.472908836759801,0.2578818139459967,trip,4.809854494164938,
4020,0,z21,15.4460787612526,0.2574346460208767,idle,0,
4020,1,z11,6.963355779693488,0.11605592966155814,idle,0,local
4020,2,z32,15.040021932284956,0.2506670322047493,idle,0,
4030,0,z21,14.5460787612526,0.24243464602087667,trip,2.0089706448602556,
4030,1,z11,13.247244668582644,0.22078741114304407,visit,22.018319865517242,local
4030,2,z32,14.140021932284956,0.23566703220474927,trip,6.5,
4040,0,z32,14.365271403215177,0.23942119005358628,idle,0,
4040,1,z11,29.91391133524931,0.49856518892082186,visit,12.018319865517242,local
4040,2,z12,13.555021932284957,0.2259170322047493,idle,0,
4050,0,z22,13.570271403215203,0.2261711900535867,idle,0,
4050,1,z11,46.58057800191598,0.7763429666985997,visit,2.018319865517242,local
4050,2,z12,12.655021932284956,0.21091703220474928,trip,5.333333333333485,
4060,0,z22,12.670271403215203,0.21117119005358673,trip,6.5,
4060,1,z11,47.894999999999776,0.7982499999999962,idle,0,
4060,2,z21,12.175021932284984,0.20291703220474974,idle,0,
4070,0,z20,12.085271403215204,0.20142119005358675,idle,0,
4070,1,z11,46.99499999999978,0.7832499999999963,trip,13.0,
4070,2,z21,11.275021932284984,0.18791703220474973,trip,21.910795394624074,
4080,0,z20,11.185271403215204,0.18642119005358673,trip,14.809854494164938,
4080,1,z11,46.09499999999978,0.7682499999999963,trip,3.0,
4080,2,z21,10.375021932284984,0.17291703220474972,trip,11.910795394624074,
4090,0,z20,10.285271403215203,0.17142119005358672,trip,4.809854494164938,
4090,1,z01,45.824999999999775,0.7637499999999963,idle,0,
4090,2,z21,9.475021932284983,0.15791703220474973,trip,1.910795394624074,
4100,0,z31,9.852384498740358,0.1642064083123393,idle,0,
4100,1,z01,44.92499999999977,0.7487499999999961,trip,2.0089706448607103,
4100,2,z00,9.303050346768817,0.15505083911281362,idle,0,local
4110,0,z31,8.952384498740358,0.1492064083123393,trip,2.0089706448607103,
4110,1,z10,44.744192641962385,0.7457365440327064,idle,0,
4110,2,z00,8.613050346768789,0.14355083911281316,visit,33.965503125272335,local
4120,0,z22,8.771577140702894,0.14619295234504823,idle,0,
4120,1,z10,43.84419264196239,0.7307365440327065,trip,13.0,
4120,2,z00,20.835272568990504,0.3472545428165084,visit,23.965503125272335,local
4130,0,z22,7.871577140702893,0.1311929523450482,trip,5.33333333333303,
4130,1,z10,42.94419264196239,0.7157365440327065,trip,3.0,
4130,2,z00,37.501939235657176,0.6250323205942863,visit,13.965503125272335,local
4140,0,z11,7.3915771407028386,0.1231929523450473,idle,0,local
4140,1,z31,42.674192641962385,0.7112365440327064,idle,0,
4140,2,z00,47.66689528127394,0.7944482546878989,visit,3.9655031252723347,local
4150,0,z11,13.675466029591195,0.22792443382651992,visit,21.761387048911274,local
4150,1,z31,41.77419264196239,0.6962365440327064,trip,15.410795394624074,
4150,2,z00,47.30999999999943,0.7884999999999904,idle,0,
4160,0,z11,30.342132696257863,0.5057022116042977,visit,11.761387048911274,local
4160,1,z31,40.87419264196239,0.6812365440327065,trip,5.410795394624074,
4160,2,z00,46.40999999999943,0.7734999999999904,trip,14.809854494164938,
4170,0,z11,47.008799362924535,0.7834799893820755,visit,1.7613870489112742,local
4170,1,z02,40.38722105644614,0.6731203509407689,idle,0,
4170,2,z00,45.50999999999943,0.7584999999999905,trip,4.809854494164938,
4180,0,z11,47.89499999999987,0.7982499999999978,idle,0,
4180,1,z02,40.38722105644614,0.6731203509407689,idle,0,
4180,2,z22,45.07711309552459,0.7512852182587432,idle,0,
4190,0,z21,47.09999999999982,0.7849999999999969,idle,0,
4190,1,z02,40.38722105644614,0.6731203509407689,idle,0,
4190,2,z32,44.28211309552454,0.7380352182587423,idle,0,
4200,0,z21,46.19999999999982,0.769999999999997,trip,2.0089706448607103,
4200,1,z02,40.38722105644614,0.6731203509407689,idle,0,
4200,2,z32,43.38211309552454,0.7230352182587423,trip,12.85127462305445,
4210,0,z12,46.019192641962356,0.7669865440327059,idle,0,
4210,1,z02,40.38722105644614,0.6731203509407689,idle,0,
4210,2,z32,42.48211309552454,0.7080352182587423,trip,2.851274623054451,
4220,0,z12,45.11919264196236,0.7519865440327059,trip,12.85127462305445,
4220,1,z02,39.48722105644614,0.6581203509407689,trip,5.33333333333303,
4220,2,z10,42.22549837944964,0.7037583063241607,idle,0,
4230,0,z12,44.21919264196236,0.736986544032706,trip,2.851274623054451,
4230,1,z11,39.007221056446085,0.650120350940768,idle,0,
4230,2,z10,42.22549837944964,0.7037583063241607,idle,0,
4240,0,z30,43.96257792588746,0.7327096320981243,idle,0,
4240,1,z11,38.107221056446086,0.6351203509407681,trip,2.0089706448607103,
4240,2,z10,41.32549837944964,0.6887583063241607,trip,8.309854494164938,
4250,0,z30,43.96257792588746,0.7327096320981243,idle,0,
4250,1,z02,37.92641369840862,0.632106894973477,idle,0,
4250,2,z31,40.577611474974795,0.6762935245829133,idle,0,
4260,0,z30,43.06257792588746,0.7177096320981243,trip,6.5,
4260,1,z02,37.92641369840862,0.632106894973477,idle,0,
4260,2,z31,39.677611474974796,0.6612935245829132,trip,14.16666666666697,
4270,0,z32,42.47757792588746,0.7079596320981243,idle,0,
4270,1,z12,37.13141369840857,0.6188568949734762,idle,0,
4270,2,z31,38.7776114749748,0.6462935245829133,trip,4.16666666666697,
4280,0,z32,42.47757792588746,0.7079596320981243,idle,0,
4280,1,z12,37.13141369840857,0.6188568949734762,idle,0,
4280,2,z01,38.40261147497477,0.6400435245829128,idle,0,
4290,0,z32,41.57757792588746,0.6929596320981244,trip,8.309854494164938,
4290,1,z12,36.23141369840857,0.6038568949734763,trip,6.5,
4290,2,z01,38.40261147497477,0.6400435245829128,idle,0,
4300,0,z11,40.829691021412614,0.680494850356877,idle,0,
4300,1,z32,35.64641369840857,0.5941068949734762,idle,0,local
4300,2,z01,38.40261147497477,0.6400435245829128,idle,0,
4310,0,z11,39.929691021412616,0.6654948503568769,trip,2.0089706448607103,
4310,1,z32,35.43641369840852,0.5906068949734754,idle,0,
4310,2,z01,37.50261147497477,0.6250435245829128,trip,15.410795394624074,
4320,0,z00,39.74888366337515,0.6624813943895859,idle,0,
4320,1,z31,34.64141369840847,0.5773568949734745,idle,0,
4320,2,z01,36.60261147497477,0.6100435245829129,trip,5.410795394624074,
