layout,site_count,service_spaces,effective_network_power_kw,offered_trips,accepted_trips,completed_trips,accepted_unfinished_trips,served_fraction_completed,gross_revenue,empty_miles,empty_miles_per_completed_trip,opportunity_added_kwh,estimated_total_cost,energy_inventory_adjusted_cost,energy_depletion_kwh,capacity_blocked_vehicle_periods,completed_local_services,completed_central_services,parameter,value,pending_services_end
centralized,2,24,2400,7204,6500,6481,19,0.8996390893947807,93285.2288924071,15441.352535153463,2.382557095379334,0,11353.302660276357,11296.083876334924,-286.09391970715933,384,687,131,idle_window_minutes,5.0,7
distributed,7,24,2400,7204,6554,6535,19,0.9071349250416435,94124.03646271545,11069.337217717359,1.6938542031702155,0,11398.521804702263,11428.124044296193,148.0111979696503,101,692,128,idle_window_minutes,5.0,7
hybrid,6,24,2400,7204,6646,6627,19,0.919905607995558,95544.14614124017,11210.960414648143,1.6917097351211925,0,11724.27855430117,11742.663633001124,91.9253934997646,52,698,127,idle_window_minutes,5.0,7
centralized,2,24,2400,7204,6509,6490,19,0.9008883953359245,93334.49494173822,15212.518414869777,2.343993592429858,1799.5285232296737,11266.264459427948,11249.679018261062,-82.92720583443179,292,679,129,idle_window_minutes,10.0,7
distributed,7,24,2400,7204,6763,6744,19,0.9361465852304275,97262.98986499138,10860.929664085448,1.610458135243987,9384.12264796007,11572.432636541525,11570.538533731582,-9.470514049721714,543,713,136,idle_window_minutes,10.0,2
hybrid,6,24,2400,7204,6742,6723,19,0.9332315380344253,96883.82389260364,10684.268028025379,1.5892113681429985,8891.88507991196,11721.834942888738,11710.006112205525,-59.144153416065365,435,700,134,idle_window_minutes,10.0,8
centralized,2,24,2400,7204,6588,6569,19,0.9118545252637423,94617.80858391165,14981.86259574071,2.280691520131026,2461.284103922595,11308.018152213046,11278.791601487406,-146.1327536282015,238,695,129,idle_window_minutes,15.0,4
distributed,7,24,2400,7204,6687,6668,19,0.9255968906163242,96072.62022597346,10534.640061619128,1.579880033236222,10242.483535687443,11437.218043553014,11430.689143968799,-32.644497921071434,406,703,135,idle_window_minutes,15.0,3
hybrid,6,24,2400,7204,6692,6673,19,0.9262909494725152,96136.74215245916,10413.901759917127,1.5606026914307098,9551.202652587754,11602.417302906644,11608.974902221493,32.78799657424497,320,695,140,idle_window_minutes,15.0,5
centralized,2,24,2400,7204,6518,6499,19,0.9021377012770683,93548.00011771101,17442.732494216674,2.6839102160665753,4744.914713399298,11727.384256357444,11731.847299731311,22.315216869336382,1417,681,134,idle_window_minutes,20.0,9
distributed,7,24,2400,7204,6661,6642,19,0.921987784564131,95669.64866258853,12429.0062502807,1.8712746537610208,11266.819250535815,11783.225060916404,11804.419915948618,105.97427516106609,760,697,134,idle_window_minutes,20.0,4
hybrid,6,24,2400,7204,6639,6620,19,0.9189339255968906,95376.92093361735,13356.163189004455,2.0175473095172896,11280.654353076216,12177.874163068504,12182.318347286266,22.220921088813157,708,701,130,idle_window_minutes,20.0,10
