time_minutes,hub_id,reserved_spaces,capacity
1440,depot_west,3,6
1440,depot_south,5,6
1440,hub_center,3,3
1440,hub_inner,2,3
1440,hub_core,0,3
1440,hub_waterfront,2,3
1450,depot_west,4,6
1450,depot_south,3,6
1450,hub_center,3,3
1450,hub_inner,2,3
1450,hub_core,1,3
1450,hub_waterfront,1,3
1460,depot_west,6,6
1460,depot_south,4,6
1460,hub_center,3,3
1460,hub_inner,2,3
1460,hub_core,2,3
1460,hub_waterfront,2,3
1470,depot_west,5,6
1470,depot_south,3,6
1470,hub_center,2,3
1470,hub_inner,2,3
1470,hub_core,3,3
1470,hub_waterfront,1,3
1480,depot_west,4,6
1480,depot_south,5,6
1480,hub_center,2,3
1480,hub_inner,3,3
1480,hub_core,2,3
1480,hub_waterfront,1,3
1490,depot_west,3,6
1490,depot_south,4,6
1490,hub_center,1,3
1490,hub_inner,3,3
1490,hub_core,0,3
1490,hub_waterfront,1,3
1500,depot_west,1,6
1500,depot_south,2,6
1500,hub_center,0,3
1500,hub_inner,2,3
1500,hub_core,0,3
1500,hub_waterfront,0,3
1510,depot_west,1,6
1510,depot_south,1,6
1510,hub_center,1,3
1510,hub_inner,3,3
1510,hub_core,1,3
1510,hub_waterfront,0,3
1520,depot_west,3,6
1520,depot_south,2,6
1520,hub_center,3,3
1520,hub_inner,2,3
1520,hub_core,1,3
1520,hub_waterfront,0,3
1530,depot_west,2,6
1530,depot_south,2,6
1530,hub_center,3,3
1530,hub_inner,0,3
1530,hub_core,0,3
1530,hub_waterfront,0,3
1540,depot_west,1,6
1540,depot_south,2,6
1540,hub_center,1,3
1540,hub_inner,0,3
1540,hub_core,0,3
1540,hub_waterfront,1,3
1550,depot_west,1,6
1550,depot_south,2,6
1550,hub_center,1,3
1550,hub_inner,0,3
1550,hub_core,1,3
1550,hub_waterfront,1,3
1560,depot_west,1,6
1560,depot_south,3,6
1560,hub_center,1,3
1560,hub_inner,1,3
1560,hub_core,1,3
1560,hub_waterfront,0,3
1570,depot_west,1,6
1570,depot_south,2,6
1570,hub_center,0,3
1570,hub_inner,1,3
1570,hub_core,2,3
1570,hub_waterfront,0,3
1580,depot_west,1,6
1580,depot_south,1,6
1580,hub_center,0,3
1580,hub_inner,0,3
1580,hub_core,2,3
1580,hub_waterfront,0,3
1590,depot_west,2,6
1590,depot_south,1,6
1590,hub_center,0,3
1590,hub_inner,0,3
1590,hub_core,0,3
1590,hub_waterfront,0,3
1600,depot_west,2,6
1600,depot_south,0,6
1600,hub_center,0,3
1600,hub_inner,0,3
1600,hub_core,1,3
1600,hub_waterfront,0,3
1610,depot_west,1,6
1610,depot_south,0,6
1610,hub_center,0,3
1610,hub_inner,0,3
1610,hub_core,1,3
1610,hub_waterfront,0,3
1620,depot_west,1,6
1620,depot_south,0,6
1620,hub_center,1,3
1620,hub_inner,1,3
1620,hub_core,0,3
1620,hub_waterfront,0,3
1630,depot_west,1,6
1630,depot_south,0,6
1630,hub_center,1,3
1630,hub_inner,1,3
1630,hub_core,0,3
1630,hub_waterfront,0,3
1640,depot_west,0,6
1640,depot_south,0,6
1640,hub_center,1,3
1640,hub_inner,1,3
1640,hub_core,1,3
1640,hub_waterfront,0,3
1650,depot_west,0,6
1650,depot_south,0,6
1650,hub_center,0,3
1650,hub_inner,0,3
1650,hub_core,1,3
1650,hub_waterfront,1,3
1660,depot_west,0,6
1660,depot_south,0,6
1660,hub_center,0,3
1660,hub_inner,0,3
1660,hub_core,0,3
1660,hub_waterfront,1,3
1670,depot_west,0,6
1670,depot_south,0,6
1670,hub_center,0,3
1670,hub_inner,0,3
1670,hub_core,0,3
1670,hub_waterfront,0,3
1680,depot_west,0,6
1680,depot_south,0,6
1680,hub_center,0,3
1680,hub_inner,1,3
1680,hub_core,0,3
1680,hub_waterfront,0,3
1690,depot_west,0,6
1690,depot_south,0,6
1690,hub_center,0,3
1690,hub_inner,1,3
1690,hub_core,0,3
1690,hub_waterfront,1,3
1700,depot_west,0,6
1700,depot_south,0,6
1700,hub_center,0,3
1700,hub_inner,0,3
1700,hub_core,0,3
1700,hub_waterfront,1,3
1710,depot_west,0,6
1710,depot_south,0,6
1710,hub_center,0,3
1710,hub_inner,0,3
1710,hub_core,0,3
1710,hub_waterfront,0,3
1720,depot_west,0,6
1720,depot_south,0,6
1720,hub_center,1,3
1720,hub_inner,0,3
1720,hub_core,0,3
1720,hub_waterfront,0,3
1730,depot_west,0,6
1730,depot_south,0,6
1730,hub_center,1,3
1730,hub_inner,0,3
1730,hub_core,1,3
1730,hub_waterfront,0,3
1740,depot_west,0,6
1740,depot_south,0,6
1740,hub_center,0,3
1740,hub_inner,0,3
1740,hub_core,1,3
1740,hub_waterfront,0,3
1750,depot_west,0,6
1750,depot_south,0,6
1750,hub_center,1,3
1750,hub_inner,1,3
1750,hub_core,0,3
1750,hub_waterfront,0,3
1760,depot_west,0,6
1760,depot_south,0,6
1760,hub_center,1,3
1760,hub_inner,2,3
1760,hub_core,0,3
1760,hub_waterfront,1,3
1770,depot_west,0,6
1770,depot_south,0,6
1770,hub_center,0,3
1770,hub_inner,2,3
1770,hub_core,0,3
1770,hub_waterfront,1,3
1780,depot_west,1,6
1780,depot_south,0,6
1780,hub_center,0,3
1780,hub_inner,0,3
1780,hub_core,0,3
1780,hub_waterfront,1,3
1790,depot_west,1,6
1790,depot_south,0,6
1790,hub_center,0,3
1790,hub_inner,0,3
1790,hub_core,0,3
1790,hub_waterfront,1,3
1800,depot_west,2,6
1800,depot_south,0,6
1800,hub_center,0,3
1800,hub_inner,0,3
1800,hub_core,0,3
1800,hub_waterfront,0,3
1810,depot_west,1,6
1810,depot_south,1,6
1810,hub_center,2,3
1810,hub_inner,0,3
1810,hub_core,1,3
1810,hub_waterfront,0,3
1820,depot_west,0,6
1820,depot_south,2,6
1820,hub_center,3,3
1820,hub_inner,3,3
1820,hub_core,1,3
1820,hub_waterfront,2,3
1830,depot_west,2,6
1830,depot_south,2,6
1830,hub_center,3,3
1830,hub_inner,3,3
1830,hub_core,1,3
1830,hub_waterfront,3,3
1840,depot_west,3,6
1840,depot_south,3,6
1840,hub_center,1,3
1840,hub_inner,1,3
1840,hub_core,1,3
1840,hub_waterfront,3,3
1850,depot_west,2,6
1850,depot_south,3,6
1850,hub_center,2,3
1850,hub_inner,2,3
1850,hub_core,0,3
1850,hub_waterfront,3,3
1860,depot_west,0,6
1860,depot_south,3,6
1860,hub_center,2,3
1860,hub_inner,1,3
1860,hub_core,1,3
1860,hub_waterfront,1,3
1870,depot_west,0,6
1870,depot_south,4,6
1870,hub_center,0,3
1870,hub_inner,1,3
1870,hub_core,3,3
1870,hub_waterfront,2,3
1880,depot_west,1,6
1880,depot_south,3,6
1880,hub_center,0,3
1880,hub_inner,2,3
1880,hub_core,3,3
1880,hub_waterfront,1,3
1890,depot_west,2,6
1890,depot_south,3,6
1890,hub_center,0,3
1890,hub_inner,2,3
1890,hub_core,1,3
1890,hub_waterfront,1,3
1900,depot_west,1,6
1900,depot_south,4,6
1900,hub_center,0,3
1900,hub_inner,1,3
1900,hub_core,0,3
1900,hub_waterfront,1,3
1910,depot_west,1,6
1910,depot_south,3,6
1910,hub_center,0,3
1910,hub_inner,3,3
1910,hub_core,2,3
1910,hub_waterfront,1,3
1920,depot_west,0,6
1920,depot_south,4,6
1920,hub_center,0,3
1920,hub_inner,3,3
1920,hub_core,2,3
1920,hub_waterfront,3,3
1930,depot_west,1,6
1930,depot_south,6,6
1930,hub_center,1,3
1930,hub_inner,3,3
1930,hub_core,0,3
1930,hub_waterfront,3,3
1940,depot_west,1,6
1940,depot_south,4,6
1940,hub_center,2,3
1940,hub_inner,1,3
1940,hub_core,3,3
1940,hub_waterfront,2,3
1950,depot_west,1,6
1950,depot_south,4,6
1950,hub_center,2,3
1950,hub_inner,0,3
1950,hub_core,3,3
1950,hub_waterfront,2,3
1960,depot_west,1,6
1960,depot_south,6,6
1960,hub_center,1,3
1960,hub_inner,2,3
1960,hub_core,0,3
1960,hub_waterfront,0,3
1970,depot_west,1,6
1970,depot_south,6,6
1970,hub_center,0,3
1970,hub_inner,2,3
1970,hub_core,2,3
1970,hub_waterfront,0,3
1980,depot_west,2,6
1980,depot_south,6,6
1980,hub_center,0,3
1980,hub_inner,3,3
1980,hub_core,3,3
1980,hub_waterfront,0,3
1990,depot_west,4,6
1990,depot_south,5,6
1990,hub_center,0,3
1990,hub_inner,3,3
1990,hub_core,1,3
1990,hub_waterfront,3,3
2000,depot_west,5,6
2000,depot_south,5,6
2000,hub_center,1,3
2000,hub_inner,3,3
2000,hub_core,3,3
2000,hub_waterfront,3,3
2010,depot_west,5,6
2010,depot_south,5,6
2010,hub_center,1,3
2010,hub_inner,0,3
2010,hub_core,3,3
2010,hub_waterfront,1,3
2020,depot_west,4,6
2020,depot_south,5,6
2020,hub_center,2,3
2020,hub_inner,1,3
2020,hub_core,2,3
2020,hub_waterfront,1,3
2030,depot_west,5,6
2030,depot_south,2,6
2030,hub_center,3,3
2030,hub_inner,2,3
2030,hub_core,3,3
2030,hub_waterfront,0,3
2040,depot_west,4,6
2040,depot_south,6,6
2040,hub_center,3,3
2040,hub_inner,2,3
2040,hub_core,3,3
2040,hub_waterfront,0,3
2050,depot_west,4,6
2050,depot_south,6,6
2050,hub_center,3,3
2050,hub_inner,3,3
2050,hub_core,3,3
2050,hub_waterfront,3,3
2060,depot_west,5,6
2060,depot_south,6,6
2060,hub_center,2,3
2060,hub_inner,3,3
2060,hub_core,3,3
2060,hub_waterfront,3,3
2070,depot_west,5,6
2070,depot_south,6,6
2070,hub_center,2,3
2070,hub_inner,3,3
2070,hub_core,3,3
2070,hub_waterfront,3,3
2080,depot_west,3,6
2080,depot_south,5,6
2080,hub_center,3,3
2080,hub_inner,3,3
2080,hub_core,3,3
2080,hub_waterfront,3,3
2090,depot_west,2,6
2090,depot_south,6,6
2090,hub_center,3,3
2090,hub_inner,3,3
2090,hub_core,3,3
2090,hub_waterfront,3,3
2100,depot_west,5,6
2100,depot_south,4,6
2100,hub_center,3,3
2100,hub_inner,3,3
2100,hub_core,2,3
2100,hub_waterfront,3,3
2110,depot_west,6,6
2110,depot_south,6,6
2110,hub_center,3,3
2110,hub_inner,3,3
2110,hub_core,3,3
2110,hub_waterfront,2,3
2120,depot_west,4,6
2120,depot_south,6,6
2120,hub_center,3,3
2120,hub_inner,3,3
2120,hub_core,3,3
2120,hub_waterfront,3,3
2130,depot_west,3,6
2130,depot_south,6,6
2130,hub_center,3,3
2130,hub_inner,2,3
2130,hub_core,3,3
2130,hub_waterfront,2,3
2140,depot_west,3,6
2140,depot_south,6,6
2140,hub_center,3,3
2140,hub_inner,3,3
2140,hub_core,2,3
2140,hub_waterfront,3,3
2150,depot_west,4,6
2150,depot_south,4,6
2150,hub_center,2,3
2150,hub_inner,3,3
2150,hub_core,1,3
2150,hub_waterfront,3,3
2160,depot_west,1,6
2160,depot_south,1,6
2160,hub_center,3,3
2160,hub_inner,2,3
2160,hub_core,2,3
2160,hub_waterfront,2,3
2170,depot_west,1,6
2170,depot_south,2,6
2170,hub_center,3,3
2170,hub_inner,2,3
2170,hub_core,3,3
2170,hub_waterfront,1,3
2180,depot_west,2,6
2180,depot_south,3,6
2180,hub_center,3,3
2180,hub_inner,2,3
2180,hub_core,2,3
2180,hub_waterfront,1,3
2190,depot_west,5,6
2190,depot_south,4,6
2190,hub_center,3,3
2190,hub_inner,3,3
2190,hub_core,0,3
2190,hub_waterfront,1,3
2200,depot_west,4,6
2200,depot_south,3,6
2200,hub_center,3,3
2200,hub_inner,2,3
2200,hub_core,0,3
2200,hub_waterfront,2,3
2210,depot_west,3,6
2210,depot_south,3,6
2210,hub_center,2,3
2210,hub_inner,2,3
2210,hub_core,0,3
2210,hub_waterfront,2,3
2220,depot_west,2,6
2220,depot_south,4,6
2220,hub_center,3,3
2220,hub_inner,2,3
2220,hub_core,1,3
2220,hub_waterfront,2,3
2230,depot_west,2,6
2230,depot_south,5,6
2230,hub_center,2,3
2230,hub_inner,3,3
2230,hub_core,3,3
2230,hub_waterfront,2,3
2240,depot_west,3,6
2240,depot_south,4,6
2240,hub_center,2,3
2240,hub_inner,3,3
2240,hub_core,2,3
2240,hub_waterfront,2,3
2250,depot_west,3,6
2250,depot_south,4,6
2250,hub_center,1,3
2250,hub_inner,3,3
2250,hub_core,1,3
2250,hub_waterfront,1,3
2260,depot_west,4,6
2260,depot_south,3,6
2260,hub_center,3,3
2260,hub_inner,3,3
2260,hub_core,1,3
2260,hub_waterfront,2,3
2270,depot_west,4,6
2270,depot_south,4,6
2270,hub_center,3,3
2270,hub_inner,3,3
2270,hub_core,2,3
2270,hub_waterfront,2,3
2280,depot_west,3,6
2280,depot_south,6,6
2280,hub_center,3,3
2280,hub_inner,3,3
2280,hub_core,2,3
2280,hub_waterfront,2,3
2290,depot_west,3,6
2290,depot_south,5,6
2290,hub_center,3,3
2290,hub_inner,3,3
2290,hub_core,3,3
2290,hub_waterfront,3,3
2300,depot_west,2,6
2300,depot_south,3,6
2300,hub_center,3,3
2300,hub_inner,3,3
2300,hub_core,3,3
2300,hub_waterfront,1,3
2310,depot_west,3,6
2310,depot_south,4,6
2310,hub_center,2,3
2310,hub_inner,3,3
2310,hub_core,1,3
2310,hub_waterfront,1,3
2320,depot_west,4,6
2320,depot_south,5,6
2320,hub_center,3,3
2320,hub_inner,3,3
2320,hub_core,2,3
2320,hub_waterfront,1,3
2330,depot_west,2,6
2330,depot_south,5,6
2330,hub_center,3,3
2330,hub_inner,3,3
2330,hub_core,2,3
2330,hub_waterfront,0,3
2340,depot_west,0,6
2340,depot_south,4,6
2340,hub_center,3,3
2340,hub_inner,3,3
2340,hub_core,1,3
2340,hub_waterfront,2,3
2350,depot_west,3,6
2350,depot_south,4,6
2350,hub_center,3,3
2350,hub_inner,2,3
2350,hub_core,1,3
2350,hub_waterfront,2,3
2360,depot_west,4,6
2360,depot_south,6,6
2360,hub_center,2,3
2360,hub_inner,2,3
2360,hub_core,1,3
2360,hub_waterfront,1,3
2370,depot_west,3,6
2370,depot_south,6,6
2370,hub_center,2,3
2370,hub_inner,3,3
2370,hub_core,1,3
2370,hub_waterfront,3,3
2380,depot_west,4,6
2380,depot_south,5,6
2380,hub_center,1,3
2380,hub_inner,3,3
2380,hub_core,3,3
2380,hub_waterfront,2,3
2390,depot_west,4,6
2390,depot_south,3,6
2390,hub_center,3,3
2390,hub_inner,3,3
2390,hub_core,2,3
2390,hub_waterfront,0,3
2400,depot_west,4,6
2400,depot_south,5,6
2400,hub_center,2,3
2400,hub_inner,3,3
2400,hub_core,1,3
2400,hub_waterfront,1,3
2410,depot_west,3,6
2410,depot_south,5,6
2410,hub_center,2,3
2410,hub_inner,2,3
2410,hub_core,1,3
2410,hub_waterfront,1,3
2420,depot_west,3,6
2420,depot_south,6,6
2420,hub_center,0,3
2420,hub_inner,2,3
2420,hub_core,0,3
2420,hub_waterfront,2,3
2430,depot_west,3,6
2430,depot_south,5,6
2430,hub_center,0,3
2430,hub_inner,1,3
2430,hub_core,1,3
2430,hub_waterfront,2,3
2440,depot_west,2,6
2440,depot_south,3,6
2440,hub_center,1,3
2440,hub_inner,1,3
2440,hub_core,2,3
2440,hub_waterfront,1,3
2450,depot_west,3,6
2450,depot_south,4,6
2450,hub_center,3,3
2450,hub_inner,1,3
2450,hub_core,1,3
2450,hub_waterfront,0,3
2460,depot_west,5,6
2460,depot_south,4,6
2460,hub_center,3,3
2460,hub_inner,2,3
2460,hub_core,0,3
2460,hub_waterfront,0,3
2470,depot_west,4,6
2470,depot_south,4,6
2470,hub_center,1,3
2470,hub_inner,3,3
2470,hub_core,0,3
2470,hub_waterfront,0,3
2480,depot_west,2,6
2480,depot_south,5,6
2480,hub_center,1,3
2480,hub_inner,1,3
2480,hub_core,0,3
2480,hub_waterfront,0,3
2490,depot_west,4,6
2490,depot_south,4,6
2490,hub_center,0,3
2490,hub_inner,2,3
2490,hub_core,0,3
2490,hub_waterfront,1,3
2500,depot_west,4,6
2500,depot_south,2,6
2500,hub_center,0,3
2500,hub_inner,2,3
2500,hub_core,1,3
2500,hub_waterfront,1,3
2510,depot_west,2,6
2510,depot_south,2,6
2510,hub_center,1,3
2510,hub_inner,3,3
2510,hub_core,1,3
2510,hub_waterfront,0,3
2520,depot_west,2,6
2520,depot_south,1,6
2520,hub_center,1,3
2520,hub_inner,3,3
2520,hub_core,0,3
2520,hub_waterfront,1,3
2530,depot_west,4,6
2530,depot_south,1,6
2530,hub_center,0,3
2530,hub_inner,3,3
2530,hub_core,0,3
2530,hub_waterfront,1,3
2540,depot_west,5,6
2540,depot_south,1,6
2540,hub_center,3,3
2540,hub_inner,3,3
2540,hub_core,0,3
2540,hub_waterfront,1,3
2550,depot_west,6,6
2550,depot_south,1,6
2550,hub_center,3,3
2550,hub_inner,3,3
2550,hub_core,0,3
2550,hub_waterfront,1,3
2560,depot_west,6,6
2560,depot_south,3,6
2560,hub_center,3,3
2560,hub_inner,3,3
2560,hub_core,0,3
2560,hub_waterfront,1,3
2570,depot_west,4,6
2570,depot_south,3,6
2570,hub_center,3,3
2570,hub_inner,3,3
2570,hub_core,0,3
2570,hub_waterfront,2,3
2580,depot_west,4,6
2580,depot_south,2,6
2580,hub_center,3,3
2580,hub_inner,3,3
2580,hub_core,1,3
2580,hub_waterfront,3,3
2590,depot_west,3,6
2590,depot_south,1,6
2590,hub_center,3,3
2590,hub_inner,3,3
2590,hub_core,1,3
2590,hub_waterfront,3,3
2600,depot_west,2,6
2600,depot_south,3,6
2600,hub_center,2,3
2600,hub_inner,2,3
2600,hub_core,1,3
2600,hub_waterfront,2,3
2610,depot_west,2,6
2610,depot_south,2,6
2610,hub_center,2,3
2610,hub_inner,2,3
2610,hub_core,2,3
2610,hub_waterfront,2,3
2620,depot_west,4,6
2620,depot_south,2,6
2620,hub_center,3,3
2620,hub_inner,2,3
2620,hub_core,2,3
2620,hub_waterfront,1,3
2630,depot_west,3,6
2630,depot_south,2,6
2630,hub_center,3,3
2630,hub_inner,1,3
2630,hub_core,1,3
2630,hub_waterfront,0,3
2640,depot_west,5,6
2640,depot_south,3,6
2640,hub_center,3,3
2640,hub_inner,1,3
2640,hub_core,0,3
2640,hub_waterfront,1,3
2650,depot_west,6,6
2650,depot_south,4,6
2650,hub_center,2,3
2650,hub_inner,2,3
2650,hub_core,1,3
2650,hub_waterfront,3,3
2660,depot_west,6,6
2660,depot_south,4,6
2660,hub_center,3,3
2660,hub_inner,3,3
2660,hub_core,3,3
2660,hub_waterfront,2,3
2670,depot_west,6,6
2670,depot_south,4,6
2670,hub_center,3,3
2670,hub_inner,3,3
2670,hub_core,2,3
2670,hub_waterfront,2,3
2680,depot_west,5,6
2680,depot_south,2,6
2680,hub_center,3,3
2680,hub_inner,2,3
2680,hub_core,0,3
2680,hub_waterfront,2,3
2690,depot_west,5,6
2690,depot_south,3,6
2690,hub_center,3,3
2690,hub_inner,3,3
2690,hub_core,3,3
2690,hub_waterfront,0,3
2700,depot_west,6,6
2700,depot_south,6,6
2700,hub_center,3,3
2700,hub_inner,3,3
2700,hub_core,3,3
2700,hub_waterfront,2,3
2710,depot_west,5,6
2710,depot_south,6,6
2710,hub_center,3,3
2710,hub_inner,3,3
2710,hub_core,0,3
2710,hub_waterfront,3,3
2720,depot_west,4,6
2720,depot_south,5,6
2720,hub_center,3,3
2720,hub_inner,3,3
2720,hub_core,3,3
2720,hub_waterfront,2,3
2730,depot_west,6,6
2730,depot_south,5,6
2730,hub_center,3,3
2730,hub_inner,3,3
2730,hub_core,3,3
2730,hub_waterfront,3,3
2740,depot_west,6,6
2740,depot_south,4,6
2740,hub_center,3,3
2740,hub_inner,3,3
2740,hub_core,1,3
2740,hub_waterfront,3,3
2750,depot_west,6,6
2750,depot_south,1,6
2750,hub_center,3,3
2750,hub_inner,3,3
2750,hub_core,3,3
2750,hub_waterfront,3,3
2760,depot_west,6,6
2760,depot_south,2,6
2760,hub_center,3,3
2760,hub_inner,3,3
2760,hub_core,3,3
2760,hub_waterfront,3,3
2770,depot_west,6,6
2770,depot_south,2,6
2770,hub_center,3,3
2770,hub_inner,3,3
2770,hub_core,3,3
2770,hub_waterfront,3,3
2780,depot_west,6,6
2780,depot_south,4,6
2780,hub_center,3,3
2780,hub_inner,3,3
2780,hub_core,2,3
2780,hub_waterfront,1,3
2790,depot_west,3,6
2790,depot_south,3,6
2790,hub_center,3,3
2790,hub_inner,1,3
2790,hub_core,0,3
2790,hub_waterfront,1,3
2800,depot_west,4,6
2800,depot_south,2,6
2800,hub_center,3,3
2800,hub_inner,1,3
2800,hub_core,2,3
2800,hub_waterfront,3,3
2810,depot_west,5,6
2810,depot_south,4,6
2810,hub_center,1,3
2810,hub_inner,2,3
2810,hub_core,2,3
2810,hub_waterfront,3,3
2820,depot_west,6,6
2820,depot_south,5,6
2820,hub_center,3,3
2820,hub_inner,2,3
2820,hub_core,1,3
2820,hub_waterfront,2,3
2830,depot_west,4,6
2830,depot_south,4,6
2830,hub_center,3,3
2830,hub_inner,2,3
2830,hub_core,1,3
2830,hub_waterfront,2,3
2840,depot_west,4,6
2840,depot_south,5,6
2840,hub_center,1,3
2840,hub_inner,1,3
2840,hub_core,2,3
2840,hub_waterfront,2,3
2850,depot_west,4,6
2850,depot_south,5,6
2850,hub_center,1,3
2850,hub_inner,2,3
2850,hub_core,2,3
2850,hub_waterfront,1,3
2860,depot_west,3,6
2860,depot_south,5,6
2860,hub_center,2,3
2860,hub_inner,3,3
2860,hub_core,0,3
2860,hub_waterfront,1,3
2870,depot_west,3,6
2870,depot_south,4,6
2870,hub_center,1,3
2870,hub_inner,3,3
2870,hub_core,1,3
2870,hub_waterfront,2,3
2880,depot_west,4,6
2880,depot_south,5,6
2880,hub_center,1,3
2880,hub_inner,1,3
2880,hub_core,3,3
2880,hub_waterfront,1,3
2890,depot_west,4,6
2890,depot_south,5,6
2890,hub_center,2,3
2890,hub_inner,1,3
2890,hub_core,2,3
2890,hub_waterfront,2,3
2900,depot_west,3,6
2900,depot_south,2,6
2900,hub_center,3,3
2900,hub_inner,0,3
2900,hub_core,0,3
2900,hub_waterfront,3,3
2910,depot_west,4,6
2910,depot_south,2,6
2910,hub_center,3,3
2910,hub_inner,1,3
2910,hub_core,2,3
2910,hub_waterfront,1,3
2920,depot_west,3,6
2920,depot_south,3,6
2920,hub_center,2,3
2920,hub_inner,1,3
2920,hub_core,3,3
2920,hub_waterfront,0,3
2930,depot_west,3,6
2930,depot_south,3,6
2930,hub_center,2,3
2930,hub_inner,1,3
2930,hub_core,1,3
2930,hub_waterfront,0,3
2940,depot_west,2,6
2940,depot_south,1,6
2940,hub_center,3,3
2940,hub_inner,1,3
2940,hub_core,0,3
2940,hub_waterfront,1,3
2950,depot_west,2,6
2950,depot_south,0,6
2950,hub_center,1,3
2950,hub_inner,0,3
2950,hub_core,0,3
2950,hub_waterfront,1,3
2960,depot_west,2,6
2960,depot_south,0,6
2960,hub_center,0,3
2960,hub_inner,0,3
2960,hub_core,0,3
2960,hub_waterfront,0,3
2970,depot_west,2,6
2970,depot_south,0,6
2970,hub_center,0,3
2970,hub_inner,1,3
2970,hub_core,0,3
2970,hub_waterfront,0,3
2980,depot_west,0,6
2980,depot_south,0,6
2980,hub_center,0,3
2980,hub_inner,1,3
2980,hub_core,0,3
2980,hub_waterfront,0,3
2990,depot_west,1,6
2990,depot_south,0,6
2990,hub_center,0,3
2990,hub_inner,0,3
2990,hub_core,1,3
2990,hub_waterfront,0,3
3000,depot_west,2,6
3000,depot_south,0,6
3000,hub_center,0,3
3000,hub_inner,0,3
3000,hub_core,1,3
3000,hub_waterfront,0,3
3010,depot_west,1,6
3010,depot_south,1,6
3010,hub_center,0,3
3010,hub_inner,0,3
3010,hub_core,0,3
3010,hub_waterfront,0,3
3020,depot_west,1,6
3020,depot_south,1,6
3020,hub_center,0,3
3020,hub_inner,0,3
3020,hub_core,0,3
3020,hub_waterfront,0,3
3030,depot_west,1,6
3030,depot_south,1,6
3030,hub_center,0,3
3030,hub_inner,0,3
3030,hub_core,0,3
3030,hub_waterfront,0,3
3040,depot_west,1,6
3040,depot_south,1,6
3040,hub_center,0,3
3040,hub_inner,2,3
3040,hub_core,0,3
3040,hub_waterfront,0,3
3050,depot_west,2,6
3050,depot_south,1,6
3050,hub_center,1,3
3050,hub_inner,2,3
3050,hub_core,1,3
3050,hub_waterfront,0,3
3060,depot_west,1,6
3060,depot_south,0,6
3060,hub_center,3,3
3060,hub_inner,0,3
3060,hub_core,1,3
3060,hub_waterfront,0,3
3070,depot_west,0,6
3070,depot_south,0,6
3070,hub_center,2,3
3070,hub_inner,0,3
3070,hub_core,0,3
3070,hub_waterfront,0,3
3080,depot_west,0,6
3080,depot_south,0,6
3080,hub_center,2,3
3080,hub_inner,0,3
3080,hub_core,1,3
3080,hub_waterfront,0,3
3090,depot_west,0,6
3090,depot_south,1,6
3090,hub_center,2,3
3090,hub_inner,1,3
3090,hub_core,1,3
3090,hub_waterfront,0,3
3100,depot_west,0,6
3100,depot_south,4,6
3100,hub_center,2,3
3100,hub_inner,1,3
3100,hub_core,0,3
3100,hub_waterfront,1,3
3110,depot_west,1,6
3110,depot_south,4,6
3110,hub_center,1,3
3110,hub_inner,0,3
3110,hub_core,0,3
3110,hub_waterfront,1,3
3120,depot_west,1,6
3120,depot_south,3,6
3120,hub_center,1,3
3120,hub_inner,0,3
3120,hub_core,0,3
3120,hub_waterfront,0,3
3130,depot_west,0,6
3130,depot_south,3,6
3130,hub_center,1,3
3130,hub_inner,0,3
3130,hub_core,0,3
3130,hub_waterfront,0,3
3140,depot_west,0,6
3140,depot_south,3,6
3140,hub_center,0,3
3140,hub_inner,1,3
3140,hub_core,0,3
3140,hub_waterfront,0,3
3150,depot_west,0,6
3150,depot_south,2,6
3150,hub_center,1,3
3150,hub_inner,1,3
3150,hub_core,0,3
3150,hub_waterfront,1,3
3160,depot_west,0,6
3160,depot_south,1,6
3160,hub_center,1,3
3160,hub_inner,0,3
3160,hub_core,0,3
3160,hub_waterfront,1,3
3170,depot_west,0,6
3170,depot_south,1,6
3170,hub_center,2,3
3170,hub_inner,1,3
3170,hub_core,0,3
3170,hub_waterfront,0,3
3180,depot_west,0,6
3180,depot_south,1,6
3180,hub_center,1,3
3180,hub_inner,1,3
3180,hub_core,0,3
3180,hub_waterfront,0,3
3190,depot_west,0,6
3190,depot_south,0,6
3190,hub_center,0,3
3190,hub_inner,0,3
3190,hub_core,0,3
3190,hub_waterfront,0,3
3200,depot_west,1,6
3200,depot_south,0,6
3200,hub_center,0,3
3200,hub_inner,0,3
3200,hub_core,0,3
3200,hub_waterfront,0,3
3210,depot_west,1,6
3210,depot_south,0,6
3210,hub_center,1,3
3210,hub_inner,0,3
3210,hub_core,1,3
3210,hub_waterfront,1,3
3220,depot_west,1,6
3220,depot_south,0,6
3220,hub_center,1,3
3220,hub_inner,0,3
3220,hub_core,1,3
3220,hub_waterfront,1,3
3230,depot_west,1,6
3230,depot_south,0,6
3230,hub_center,1,3
3230,hub_inner,0,3
3230,hub_core,1,3
3230,hub_waterfront,0,3
3240,depot_west,3,6
3240,depot_south,0,6
3240,hub_center,1,3
3240,hub_inner,0,3
3240,hub_core,3,3
3240,hub_waterfront,1,3
3250,depot_west,3,6
3250,depot_south,0,6
3250,hub_center,2,3
3250,hub_inner,0,3
3250,hub_core,3,3
3250,hub_waterfront,1,3
3260,depot_west,2,6
3260,depot_south,0,6
3260,hub_center,1,3
3260,hub_inner,0,3
3260,hub_core,1,3
3260,hub_waterfront,1,3
3270,depot_west,3,6
3270,depot_south,1,6
3270,hub_center,1,3
3270,hub_inner,0,3
3270,hub_core,1,3
3270,hub_waterfront,1,3
3280,depot_west,3,6
3280,depot_south,2,6
3280,hub_center,0,3
3280,hub_inner,0,3
3280,hub_core,1,3
3280,hub_waterfront,0,3
3290,depot_west,1,6
3290,depot_south,2,6
3290,hub_center,0,3
3290,hub_inner,0,3
3290,hub_core,1,3
3290,hub_waterfront,0,3
3300,depot_west,2,6
3300,depot_south,1,6
3300,hub_center,1,3
3300,hub_inner,0,3
3300,hub_core,2,3
3300,hub_waterfront,0,3
3310,depot_west,2,6
3310,depot_south,0,6
3310,hub_center,1,3
3310,hub_inner,0,3
3310,hub_core,2,3
3310,hub_waterfront,0,3
3320,depot_west,2,6
3320,depot_south,0,6
3320,hub_center,0,3
3320,hub_inner,1,3
3320,hub_core,2,3
3320,hub_waterfront,1,3
3330,depot_west,0,6
3330,depot_south,0,6
3330,hub_center,0,3
3330,hub_inner,3,3
3330,hub_core,2,3
3330,hub_waterfront,3,3
3340,depot_west,0,6
3340,depot_south,0,6
3340,hub_center,1,3
3340,hub_inner,3,3
3340,hub_core,3,3
3340,hub_waterfront,2,3
3350,depot_west,0,6
3350,depot_south,2,6
3350,hub_center,1,3
3350,hub_inner,2,3
3350,hub_core,3,3
3350,hub_waterfront,2,3
3360,depot_west,2,6
3360,depot_south,3,6
3360,hub_center,1,3
3360,hub_inner,1,3
3360,hub_core,1,3
3360,hub_waterfront,2,3
3370,depot_west,2,6
3370,depot_south,4,6
3370,hub_center,1,3
3370,hub_inner,3,3
3370,hub_core,0,3
3370,hub_waterfront,1,3
3380,depot_west,2,6
3380,depot_south,5,6
3380,hub_center,3,3
3380,hub_inner,3,3
3380,hub_core,0,3
3380,hub_waterfront,1,3
3390,depot_west,3,6
3390,depot_south,5,6
3390,hub_center,3,3
3390,hub_inner,2,3
3390,hub_core,0,3
3390,hub_waterfront,1,3
3400,depot_west,4,6
3400,depot_south,4,6
3400,hub_center,3,3
3400,hub_inner,3,3
3400,hub_core,1,3
3400,hub_waterfront,2,3
3410,depot_west,4,6
3410,depot_south,2,6
3410,hub_center,3,3
3410,hub_inner,3,3
3410,hub_core,1,3
3410,hub_waterfront,1,3
3420,depot_west,2,6
3420,depot_south,3,6
3420,hub_center,1,3
3420,hub_inner,2,3
3420,hub_core,1,3
3420,hub_waterfront,3,3
3430,depot_west,1,6
3430,depot_south,6,6
3430,hub_center,1,3
3430,hub_inner,2,3
3430,hub_core,2,3
3430,hub_waterfront,2,3
3440,depot_west,1,6
3440,depot_south,5,6
3440,hub_center,1,3
3440,hub_inner,1,3
3440,hub_core,2,3
3440,hub_waterfront,0,3
3450,depot_west,1,6
3450,depot_south,5,6
3450,hub_center,1,3
3450,hub_inner,2,3
3450,hub_core,1,3
3450,hub_waterfront,1,3
3460,depot_west,0,6
3460,depot_south,4,6
3460,hub_center,3,3
3460,hub_inner,2,3
3460,hub_core,2,3
3460,hub_waterfront,1,3
3470,depot_west,1,6
3470,depot_south,6,6
3470,hub_center,3,3
3470,hub_inner,2,3
3470,hub_core,3,3
3470,hub_waterfront,2,3
3480,depot_west,1,6
3480,depot_south,6,6
3480,hub_center,3,3
3480,hub_inner,2,3
3480,hub_core,3,3
3480,hub_waterfront,3,3
3490,depot_west,2,6
3490,depot_south,6,6
3490,hub_center,3,3
3490,hub_inner,3,3
3490,hub_core,3,3
3490,hub_waterfront,3,3
3500,depot_west,4,6
3500,depot_south,6,6
3500,hub_center,3,3
3500,hub_inner,3,3
3500,hub_core,3,3
3500,hub_waterfront,3,3
3510,depot_west,4,6
3510,depot_south,6,6
3510,hub_center,3,3
3510,hub_inner,3,3
3510,hub_core,3,3
3510,hub_waterfront,3,3
3520,depot_west,3,6
3520,depot_south,6,6
3520,hub_center,2,3
3520,hub_inner,3,3
3520,hub_core,3,3
3520,hub_waterfront,3,3
3530,depot_west,3,6
3530,depot_south,6,6
3530,hub_center,3,3
3530,hub_inner,3,3
3530,hub_core,3,3
3530,hub_waterfront,3,3
3540,depot_west,2,6
3540,depot_south,6,6
3540,hub_center,3,3
3540,hub_inner,3,3
3540,hub_core,3,3
3540,hub_waterfront,3,3
3550,depot_west,4,6
3550,depot_south,6,6
3550,hub_center,3,3
3550,hub_inner,2,3
3550,hub_core,3,3
3550,hub_waterfront,3,3
3560,depot_west,3,6
3560,depot_south,5,6
3560,hub_center,3,3
3560,hub_inner,3,3
3560,hub_core,3,3
3560,hub_waterfront,3,3
3570,depot_west,1,6
3570,depot_south,6,6
3570,hub_center,3,3
3570,hub_inner,3,3
3570,hub_core,3,3
3570,hub_waterfront,3,3
3580,depot_west,1,6
3580,depot_south,4,6
3580,hub_center,3,3
3580,hub_inner,2,3
3580,hub_core,2,3
3580,hub_waterfront,3,3
3590,depot_west,4,6
3590,depot_south,6,6
3590,hub_center,3,3
3590,hub_inner,3,3
3590,hub_core,3,3
3590,hub_waterfront,2,3
3600,depot_west,4,6
3600,depot_south,6,6
3600,hub_center,3,3
3600,hub_inner,3,3
3600,hub_core,3,3
3600,hub_waterfront,1,3
3610,depot_west,3,6
3610,depot_south,4,6
3610,hub_center,3,3
3610,hub_inner,1,3
3610,hub_core,2,3
3610,hub_waterfront,2,3
3620,depot_west,3,6
3620,depot_south,2,6
3620,hub_center,3,3
3620,hub_inner,0,3
3620,hub_core,1,3
3620,hub_waterfront,2,3
3630,depot_west,6,6
3630,depot_south,3,6
3630,hub_center,2,3
3630,hub_inner,1,3
3630,hub_core,1,3
3630,hub_waterfront,1,3
3640,depot_west,6,6
3640,depot_south,3,6
3640,hub_center,2,3
3640,hub_inner,2,3
3640,hub_core,2,3
3640,hub_waterfront,2,3
3650,depot_west,6,6
3650,depot_south,3,6
3650,hub_center,3,3
3650,hub_inner,1,3
3650,hub_core,1,3
3650,hub_waterfront,3,3
3660,depot_west,6,6
3660,depot_south,6,6
3660,hub_center,3,3
3660,hub_inner,2,3
3660,hub_core,0,3
3660,hub_waterfront,2,3
3670,depot_west,4,6
3670,depot_south,6,6
3670,hub_center,3,3
3670,hub_inner,3,3
3670,hub_core,1,3
3670,hub_waterfront,0,3
3680,depot_west,3,6
3680,depot_south,3,6
3680,hub_center,3,3
3680,hub_inner,3,3
3680,hub_core,1,3
3680,hub_waterfront,1,3
3690,depot_west,4,6
3690,depot_south,3,6
3690,hub_center,2,3
3690,hub_inner,3,3
3690,hub_core,2,3
3690,hub_waterfront,3,3
3700,depot_west,4,6
3700,depot_south,3,6
3700,hub_center,1,3
3700,hub_inner,3,3
3700,hub_core,3,3
3700,hub_waterfront,3,3
3710,depot_west,4,6
3710,depot_south,4,6
3710,hub_center,2,3
3710,hub_inner,1,3
3710,hub_core,1,3
3710,hub_waterfront,2,3
3720,depot_west,4,6
3720,depot_south,4,6
3720,hub_center,1,3
3720,hub_inner,2,3
3720,hub_core,3,3
3720,hub_waterfront,3,3
3730,depot_west,6,6
3730,depot_south,4,6
3730,hub_center,3,3
3730,hub_inner,3,3
3730,hub_core,3,3
3730,hub_waterfront,3,3
3740,depot_west,4,6
3740,depot_south,5,6
3740,hub_center,2,3
3740,hub_inner,3,3
3740,hub_core,3,3
3740,hub_waterfront,3,3
3750,depot_west,1,6
3750,depot_south,5,6
3750,hub_center,3,3
3750,hub_inner,3,3
3750,hub_core,3,3
3750,hub_waterfront,3,3
3760,depot_west,2,6
3760,depot_south,6,6
3760,hub_center,3,3
3760,hub_inner,3,3
3760,hub_core,1,3
3760,hub_waterfront,3,3
3770,depot_west,4,6
3770,depot_south,6,6
3770,hub_center,2,3
3770,hub_inner,1,3
3770,hub_core,3,3
3770,hub_waterfront,1,3
3780,depot_west,4,6
3780,depot_south,5,6
3780,hub_center,2,3
3780,hub_inner,3,3
3780,hub_core,3,3
3780,hub_waterfront,1,3
3790,depot_west,1,6
3790,depot_south,5,6
3790,hub_center,2,3
3790,hub_inner,3,3
3790,hub_core,1,3
3790,hub_waterfront,1,3
3800,depot_west,1,6
3800,depot_south,4,6
3800,hub_center,0,3
3800,hub_inner,2,3
3800,hub_core,1,3
3800,hub_waterfront,1,3
3810,depot_west,3,6
3810,depot_south,4,6
3810,hub_center,0,3
3810,hub_inner,3,3
3810,hub_core,2,3
3810,hub_waterfront,1,3
3820,depot_west,3,6
3820,depot_south,4,6
3820,hub_center,1,3
3820,hub_inner,3,3
3820,hub_core,3,3
3820,hub_waterfront,2,3
3830,depot_west,3,6
3830,depot_south,3,6
3830,hub_center,3,3
3830,hub_inner,3,3
3830,hub_core,2,3
3830,hub_waterfront,2,3
3840,depot_west,6,6
3840,depot_south,6,6
3840,hub_center,3,3
3840,hub_inner,3,3
3840,hub_core,0,3
3840,hub_waterfront,1,3
3850,depot_west,4,6
3850,depot_south,6,6
3850,hub_center,3,3
3850,hub_inner,3,3
3850,hub_core,0,3
3850,hub_waterfront,1,3
3860,depot_west,4,6
3860,depot_south,4,6
3860,hub_center,2,3
3860,hub_inner,1,3
3860,hub_core,0,3
3860,hub_waterfront,2,3
3870,depot_west,2,6
3870,depot_south,2,6
3870,hub_center,2,3
3870,hub_inner,1,3
3870,hub_core,2,3
3870,hub_waterfront,3,3
3880,depot_west,4,6
3880,depot_south,3,6
3880,hub_center,2,3
3880,hub_inner,2,3
3880,hub_core,3,3
3880,hub_waterfront,1,3
3890,depot_west,5,6
3890,depot_south,6,6
3890,hub_center,2,3
3890,hub_inner,3,3
3890,hub_core,1,3
3890,hub_waterfront,1,3
3900,depot_west,4,6
3900,depot_south,5,6
3900,hub_center,3,3
3900,hub_inner,3,3
3900,hub_core,1,3
3900,hub_waterfront,1,3
3910,depot_west,3,6
3910,depot_south,4,6
3910,hub_center,3,3
3910,hub_inner,3,3
3910,hub_core,1,3
3910,hub_waterfront,1,3
3920,depot_west,2,6
3920,depot_south,1,6
3920,hub_center,2,3
3920,hub_inner,3,3
3920,hub_core,0,3
3920,hub_waterfront,1,3
3930,depot_west,3,6
3930,depot_south,1,6
3930,hub_center,0,3
3930,hub_inner,3,3
3930,hub_core,0,3
3930,hub_waterfront,1,3
3940,depot_west,4,6
3940,depot_south,1,6
3940,hub_center,0,3
3940,hub_inner,3,3
3940,hub_core,0,3
3940,hub_waterfront,1,3
3950,depot_west,5,6
3950,depot_south,0,6
3950,hub_center,0,3
3950,hub_inner,3,3
3950,hub_core,1,3
3950,hub_waterfront,2,3
3960,depot_west,3,6
3960,depot_south,0,6
3960,hub_center,1,3
3960,hub_inner,2,3
3960,hub_core,1,3
3960,hub_waterfront,3,3
3970,depot_west,3,6
3970,depot_south,2,6
3970,hub_center,1,3
3970,hub_inner,2,3
3970,hub_core,0,3
3970,hub_waterfront,3,3
3980,depot_west,3,6
3980,depot_south,2,6
3980,hub_center,3,3
3980,hub_inner,1,3
3980,hub_core,1,3
3980,hub_waterfront,3,3
3990,depot_west,2,6
3990,depot_south,4,6
3990,hub_center,3,3
3990,hub_inner,2,3
3990,hub_core,1,3
3990,hub_waterfront,3,3
4000,depot_west,2,6
4000,depot_south,2,6
4000,hub_center,3,3
4000,hub_inner,1,3
4000,hub_core,1,3
4000,hub_waterfront,0,3
4010,depot_west,2,6
4010,depot_south,2,6
4010,hub_center,1,3
4010,hub_inner,3,3
4010,hub_core,1,3
4010,hub_waterfront,0,3
4020,depot_west,4,6
4020,depot_south,3,6
4020,hub_center,1,3
4020,hub_inner,3,3
4020,hub_core,0,3
4020,hub_waterfront,0,3
4030,depot_west,4,6
4030,depot_south,3,6
4030,hub_center,1,3
4030,hub_inner,1,3
4030,hub_core,0,3
4030,hub_waterfront,0,3
4040,depot_west,6,6
4040,depot_south,2,6
4040,hub_center,2,3
4040,hub_inner,0,3
4040,hub_core,0,3
4040,hub_waterfront,0,3
4050,depot_west,6,6
4050,depot_south,4,6
4050,hub_center,3,3
4050,hub_inner,1,3
4050,hub_core,0,3
4050,hub_waterfront,0,3
4060,depot_west,6,6
4060,depot_south,4,6
4060,hub_center,3,3
4060,hub_inner,3,3
4060,hub_core,0,3
4060,hub_waterfront,0,3
4070,depot_west,6,6
4070,depot_south,5,6
4070,hub_center,3,3
4070,hub_inner,3,3
4070,hub_core,0,3
4070,hub_waterfront,0,3
4080,depot_west,6,6
4080,depot_south,6,6
4080,hub_center,1,3
4080,hub_inner,3,3
4080,hub_core,0,3
4080,hub_waterfront,0,3
4090,depot_west,6,6
4090,depot_south,5,6
4090,hub_center,1,3
4090,hub_inner,3,3
4090,hub_core,0,3
4090,hub_waterfront,3,3
4100,depot_west,6,6
4100,depot_south,6,6
4100,hub_center,1,3
4100,hub_inner,3,3
4100,hub_core,0,3
4100,hub_waterfront,3,3
4110,depot_west,6,6
4110,depot_south,5,6
4110,hub_center,3,3
4110,hub_inner,3,3
4110,hub_core,1,3
4110,hub_waterfront,3,3
4120,depot_west,6,6
4120,depot_south,3,6
4120,hub_center,3,3
4120,hub_inner,3,3
4120,hub_core,3,3
4120,hub_waterfront,3,3
4130,depot_west,5,6
4130,depot_south,2,6
4130,hub_center,3,3
4130,hub_inner,3,3
4130,hub_core,3,3
4130,hub_waterfront,3,3
4140,depot_west,4,6
4140,depot_south,3,6
4140,hub_center,2,3
4140,hub_inner,3,3
4140,hub_core,3,3
4140,hub_waterfront,1,3
4150,depot_west,5,6
4150,depot_south,4,6
4150,hub_center,3,3
4150,hub_inner,3,3
4150,hub_core,3,3
4150,hub_waterfront,3,3
4160,depot_west,6,6
4160,depot_south,6,6
4160,hub_center,3,3
4160,hub_inner,3,3
4160,hub_core,3,3
4160,hub_waterfront,3,3
4170,depot_west,6,6
4170,depot_south,6,6
4170,hub_center,3,3
4170,hub_inner,3,3
4170,hub_core,3,3
4170,hub_waterfront,3,3
4180,depot_west,6,6
4180,depot_south,6,6
4180,hub_center,3,3
4180,hub_inner,3,3
4180,hub_core,3,3
4180,hub_waterfront,3,3
4190,depot_west,6,6
4190,depot_south,6,6
4190,hub_center,3,3
4190,hub_inner,3,3
4190,hub_core,3,3
4190,hub_waterfront,3,3
4200,depot_west,5,6
4200,depot_south,6,6
4200,hub_center,3,3
4200,hub_inner,3,3
4200,hub_core,3,3
4200,hub_waterfront,3,3
4210,depot_west,5,6
4210,depot_south,6,6
4210,hub_center,3,3
4210,hub_inner,3,3
4210,hub_core,3,3
4210,hub_waterfront,1,3
4220,depot_west,6,6
4220,depot_south,5,6
4220,hub_center,3,3
4220,hub_inner,3,3
4220,hub_core,3,3
4220,hub_waterfront,3,3
4230,depot_west,6,6
4230,depot_south,6,6
4230,hub_center,3,3
4230,hub_inner,3,3
4230,hub_core,3,3
4230,hub_waterfront,3,3
4240,depot_west,5,6
4240,depot_south,6,6
4240,hub_center,3,3
4240,hub_inner,3,3
4240,hub_core,3,3
4240,hub_waterfront,2,3
4250,depot_west,6,6
4250,depot_south,5,6
4250,hub_center,3,3
4250,hub_inner,2,3
4250,hub_core,3,3
4250,hub_waterfront,3,3
4260,depot_west,4,6
4260,depot_south,6,6
4260,hub_center,3,3
4260,hub_inner,3,3
4260,hub_core,3,3
4260,hub_waterfront,1,3
4270,depot_west,3,6
4270,depot_south,5,6
4270,hub_center,3,3
4270,hub_inner,3,3
4270,hub_core,3,3
4270,hub_waterfront,1,3
4280,depot_west,4,6
4280,depot_south,3,6
4280,hub_center,3,3
4280,hub_inner,3,3
4280,hub_core,1,3
4280,hub_waterfront,3,3
4290,depot_west,4,6
4290,depot_south,4,6
4290,hub_center,3,3
4290,hub_inner,3,3
4290,hub_core,1,3
4290,hub_waterfront,2,3
4300,depot_west,3,6
4300,depot_south,4,6
4300,hub_center,3,3
4300,hub_inner,3,3
4300,hub_core,0,3
4300,hub_waterfront,3,3
4310,depot_west,1,6
4310,depot_south,3,6
4310,hub_center,3,3
4310,hub_inner,3,3
4310,hub_core,0,3
4310,hub_waterfront,3,3
