request_id,time_minutes,origin,destination,distance_miles,duration_minutes,fare
sample-000,0,z00,z30,6.8999999999999995,22.999999999999996,22.549999999999997
sample-001,5,z10,z01,3.2526911934581184,10.842303978193728,12.215958381464668
sample-002,10,z20,z11,3.2526911934581184,10.842303978193728,12.215958381464668
sample-003,20,z30,z21,3.2526911934581184,10.842303978193728,12.215958381464668
sample-004,40,z01,z31,6.8999999999999995,22.999999999999996,22.549999999999997
sample-005,60,z11,z02,3.2526911934581184,10.842303978193728,12.215958381464668
sample-006,90,z21,z12,3.2526911934581184,10.842303978193728,12.215958381464668
sample-007,120,z31,z22,3.2526911934581184,10.842303978193728,12.215958381464668
sample-008,180,z02,z32,6.8999999999999995,22.999999999999996,22.549999999999997
sample-009,240,z12,z00,5.142956348249516,17.143187827498387,17.57170965337363
sample-010,360,z22,z10,5.142956348249516,17.143187827498387,17.57170965337363
sample-011,600,z32,z20,5.142956348249516,17.143187827498387,17.57170965337363
