origin,destination,distance_miles,duration_minutes
z00,z00,0.35,1.1666666666666667
z00,z10,2.3,7.666666666666667
z00,z20,4.6,15.333333333333334
z00,z30,6.8999999999999995,22.999999999999996
z00,z01,2.3,7.666666666666667
z00,z11,3.2526911934581184,10.842303978193728
z00,z21,5.142956348249516,17.143187827498387
z00,z31,7.273238618387272,24.244128727957573
z00,z02,4.6,15.333333333333334
z00,z12,5.142956348249516,17.143187827498387
z00,z22,6.505382386916237,21.684607956387456
z00,z32,8.292767933567175,27.64255977855725
z10,z00,2.3,7.666666666666667
z10,z10,0.35,1.1666666666666667
z10,z20,2.3,7.666666666666667
z10,z30,4.6,15.333333333333334
z10,z01,3.2526911934581184,10.842303978193728
z10,z11,2.3,7.666666666666667
z10,z21,3.2526911934581184,10.842303978193728
z10,z31,5.142956348249516,17.143187827498387
z10,z02,5.142956348249516,17.143187827498387
z10,z12,4.6,15.333333333333334
z10,z22,5.142956348249516,17.143187827498387
z10,z32,6.505382386916237,21.684607956387456
z20,z00,4.6,15.333333333333334
z20,z10,2.3,7.666666666666667
z20,z20,0.35,1.1666666666666667
z20,z30,2.3,7.666666666666667
z20,z01,5.142956348249516,17.143187827498387
z20,z11,3.2526911934581184,10.842303978193728
z20,z21,2.3,7.666666666666667
z20,z31,3.2526911934581184,10.842303978193728
z20,z02,6.505382386916237,21.684607956387456
z20,z12,5.142956348249516,17.143187827498387
z20,z22,4.6,15.333333333333334
z20,z32,5.142956348249516,17.143187827498387
z30,z00,6.8999999999999995,22.999999999999996
z30,z10,4.6,15.333333333333334
z30,z20,2.3,7.666666666666667
z30,z30,0.35,1.1666666666666667
z30,z01,7.273238618387272,24.244128727957573
z30,z11,5.142956348249516,17.143187827498387
z30,z21,3.2526911934581184,10.842303978193728
z30,z31,2.3,7.666666666666667
z30,z02,8.292767933567175,27.64255977855725
z30,z12,6.505382386916237,21.684607956387456
z30,z22,5.142956348249516,17.143187827498387
z30,z32,4.6,15.333333333333334
z01,z00,2.3,7.666666666666667
z01,z10,3.2526911934581184,10.842303978193728
z01,z20,5.142956348249516,17.143187827498387
z01,z30,7.273238618387272,24.244128727957573
z01,z01,0.35,1.1666666666666667
z01,z11,2.3,7.666666666666667
z01,z21,4.6,15.333333333333334
z01,z31,6.8999999999999995,22.999999999999996
z01,z02,2.3,7.666666666666667
z01,z12,3.2526911934581184,10.842303978193728
z01,z22,5.142956348249516,17.143187827498387
z01,z32,7.273238618387272,24.244128727957573
z11,z00,3.2526911934581184,10.842303978193728
z11,z10,2.3,7.666666666666667
z11,z20,3.2526911934581184,10.842303978193728
z11,z30,5.142956348249516,17.143187827498387
z11,z01,2.3,7.666666666666667
z11,z11,0.35,1.1666666666666667
z11,z21,2.3,7.666666666666667
z11,z31,4.6,15.333333333333334
z11,z02,3.2526911934581184,10.842303978193728
z11,z12,2.3,7.666666666666667
z11,z22,3.2526911934581184,10.842303978193728
z11,z32,5.142956348249516,17.143187827498387
z21,z00,5.142956348249516,17.143187827498387
z21,z10,3.2526911934581184,10.842303978193728
z21,z20,2.3,7.666666666666667
z21,z30,3.2526911934581184,10.842303978193728
z21,z01,4.6,15.333333333333334
z21,z11,2.3,7.666666666666667
z21,z21,0.35,1.1666666666666667
z21,z31,2.3,7.666666666666667
z21,z02,5.142956348249516,17.143187827498387
z21,z12,3.2526911934581184,10.842303978193728
z21,z22,2.3,7.666666666666667
z21,z32,3.2526911934581184,10.842303978193728
z31,z00,7.273238618387272,24.244128727957573
z31,z10,5.142956348249516,17.143187827498387
z31,z20,3.2526911934581184,10.842303978193728
z31,z30,2.3,7.666666666666667
z31,z01,6.8999999999999995,22.999999999999996
z31,z11,4.6,15.333333333333334
z31,z21,2.3,7.666666666666667
z31,z31,0.35,1.1666666666666667
z31,z02,7.273238618387272,24.244128727957573
z31,z12,5.142956348249516,17.143187827498387
z31,z22,3.2526911934581184,10.842303978193728
z31,z32,2.3,7.666666666666667
z02,z00,4.6,15.333333333333334
z02,z10,5.142956348249516,17.143187827498387
z02,z20,6.505382386916237,21.684607956387456
z02,z30,8.292767933567175,27.64255977855725
z02,z01,2.3,7.666666666666667
z02,z11,3.2526911934581184,10.842303978193728
z02,z21,5.142956348249516,17.143187827498387
z02,z31,7.273238618387272,24.244128727957573
z02,z02,0.35,1.1666666666666667
z02,z12,2.3,7.666666666666667
z02,z22,4.6,15.333333333333334
z02,z32,6.8999999999999995,22.999999999999996
z12,z00,5.142956348249516,17.143187827498387
z12,z10,4.6,15.333333333333334
z12,z20,5.142956348249516,17.143187827498387
z12,z30,6.505382386916237,21.684607956387456
z12,z01,3.2526911934581184,10.842303978193728
z12,z11,2.3,7.666666666666667
z12,z21,3.2526911934581184,10.842303978193728
z12,z31,5.142956348249516,17.143187827498387
z12,z02,2.3,7.666666666666667
z12,z12,0.35,1.1666666666666667
z12,z22,2.3,7.666666666666667
z12,z32,4.6,15.333333333333334
z22,z00,6.505382386916237,21.684607956387456
z22,z10,5.142956348249516,17.143187827498387
z22,z20,4.6,15.333333333333334
z22,z30,5.142956348249516,17.143187827498387
z22,z01,5.142956348249516,17.143187827498387
z22,z11,3.2526911934581184,10.842303978193728
z22,z21,2.3,7.666666666666667
z22,z31,3.2526911934581184,10.842303978193728
z22,z02,4.6,15.333333333333334
z22,z12,2.3,7.666666666666667
z22,z22,0.35,1.1666666666666667
z22,z32,2.3,7.666666666666667
z32,z00,8.292767933567175,27.64255977855725
z32,z10,6.505382386916237,21.684607956387456
z32,z20,5.142956348249516,17.143187827498387
z32,z30,4.6,15.333333333333334
z32,z01,7.273238618387272,24.244128727957573
z32,z11,5.142956348249516,17.143187827498387
z32,z21,3.2526911934581184,10.842303978193728
z32,z31,2.3,7.666666666666667
z32,z02,6.8999999999999995,22.999999999999996
z32,z12,4.6,15.333333333333334
z32,z22,2.3,7.666666666666667
z32,z32,0.35,1.1666666666666667
